pit_site,lon,lat,terrain,lroc_dtm_product_id,lroc_dtm_url,lroc_dtm_lbl_url,estimated_size_mb,pit_in_catalog,priority_in_registry,resolution_m,coverage_km2,quality,relat_le_m,triang_rms_m
Central Mare Fecunditatis Pit,48.6595,-0.9182,Mare,FECNDITATS2,https://pds.lroc.im-ldi.com/data/LRO-L-LROC-5-RDR-V1.0/LROLRC_2001/DATA/SDP/NAC_DTM/FECNDITATS2/NAC_DTM_FECNDITATS2.TIF,https://pds.lroc.im-ldi.com/data/LRO-L-LROC-5-RDR-V1.0/LROLRC_2001/DATA/SDP/NAC_DTM/FECNDITATS2/NAC_DTM_FECNDITATS2.LBL,232.3,True,True,4.0,663.69,good,2.11,1.06
Mare Ingenii Pit,166.0559,-35.9494,Mare,INGENIIPIT,https://pds.lroc.im-ldi.com/data/LRO-L-LROC-5-RDR-V1.0/LROLRC_2001/DATA/SDP/NAC_DTM/INGENIIPIT/NAC_DTM_INGENIIPIT.TIF,https://pds.lroc.im-ldi.com/data/LRO-L-LROC-5-RDR-V1.0/LROLRC_2001/DATA/SDP/NAC_DTM/INGENIIPIT/NAC_DTM_INGENIIPIT.LBL,201.9,True,True,2.0,185.25,good,1.74,0.227
Sinus Iridum Pit,-28.811,45.623,Mare,IRIDIUMPIT1,https://pds.lroc.im-ldi.com/data/LRO-L-LROC-5-RDR-V1.0/LROLRC_2001/DATA/SDP/NAC_DTM/IRIDIUMPIT1/NAC_DTM_IRIDIUMPIT1.TIF,https://pds.lroc.im-ldi.com/data/LRO-L-LROC-5-RDR-V1.0/LROLRC_2001/DATA/SDP/NAC_DTM/IRIDIUMPIT1/NAC_DTM_IRIDIUMPIT1.LBL,170.1,True,True,5.0,809.9,good,3.97,0.862
Marius Hills Pit,-56.7701,14.0917,Mare,MARIUSPIT01,https://pds.lroc.im-ldi.com/data/LRO-L-LROC-5-RDR-V1.0/LROLRC_2001/DATA/SDP/NAC_DTM/MARIUSPIT01/NAC_DTM_MARIUSPIT01.TIF,https://pds.lroc.im-ldi.com/data/LRO-L-LROC-5-RDR-V1.0/LROLRC_2001/DATA/SDP/NAC_DTM/MARIUSPIT01/NAC_DTM_MARIUSPIT01.LBL,157.5,True,True,4.0,449.88,good,3.43,0.321
North Procellarum 1 Pit,-45.6398,35.4097,Mare,PRCLRMPIT01,https://pds.lroc.im-ldi.com/data/LRO-L-LROC-5-RDR-V1.0/LROLRC_2001/DATA/SDP/NAC_DTM/PRCLRMPIT01/NAC_DTM_PRCLRMPIT01.TIF,https://pds.lroc.im-ldi.com/data/LRO-L-LROC-5-RDR-V1.0/LROLRC_2001/DATA/SDP/NAC_DTM/PRCLRMPIT01/NAC_DTM_PRCLRMPIT01.LBL,162.0,True,True,5.0,771.23,good,3.36,0.302
North Procellarum 2 Pit,-45.6553,35.3433,Mare,PRCLRMPIT01,https://pds.lroc.im-ldi.com/data/LRO-L-LROC-5-RDR-V1.0/LROLRC_2001/DATA/SDP/NAC_DTM/PRCLRMPIT01/NAC_DTM_PRCLRMPIT01.TIF,https://pds.lroc.im-ldi.com/data/LRO-L-LROC-5-RDR-V1.0/LROLRC_2001/DATA/SDP/NAC_DTM/PRCLRMPIT01/NAC_DTM_PRCLRMPIT01.LBL,162.0,True,True,5.0,771.23,good,3.36,0.302
Southwest Mare Fecunditatis Pit,42.7595,-6.7521,Highland,SWFECUNPIT1,https://pds.lroc.im-ldi.com/data/LRO-L-LROC-5-RDR-V1.0/LROLRC_2001/DATA/SDP/NAC_DTM/SWFECUNPIT1/NAC_DTM_SWFECUNPIT1.TIF,https://pds.lroc.im-ldi.com/data/LRO-L-LROC-5-RDR-V1.0/LROLRC_2001/DATA/SDP/NAC_DTM/SWFECUNPIT1/NAC_DTM_SWFECUNPIT1.LBL,287.2,True,True,3.0,448.69,good,1.58,0.525
Mare Tranquillitatis Pit,33.222,8.3355,Mare,TRANQPIT1,https://pds.lroc.im-ldi.com/data/LRO-L-LROC-5-RDR-V1.0/LROLRC_2001/DATA/SDP/NAC_DTM/TRANQPIT1/NAC_DTM_TRANQPIT1.TIF,https://pds.lroc.im-ldi.com/data/LRO-L-LROC-5-RDR-V1.0/LROLRC_2001/DATA/SDP/NAC_DTM/TRANQPIT1/NAC_DTM_TRANQPIT1.LBL,135.9,True,True,2.0,124.72,good,0.72,0.379
Central Mare Fecunditatis Pit,48.6595,-0.9182,Mare,FECUNPIT,https://pds.lroc.im-ldi.com/data/LRO-L-LROC-5-RDR-V1.0/LROLRC_2001/DATA/SDP/NAC_DTM/FECUNPIT/NAC_DTM_FECUNPIT.TIF,https://pds.lroc.im-ldi.com/data/LRO-L-LROC-5-RDR-V1.0/LROLRC_2001/DATA/SDP/NAC_DTM/FECUNPIT/NAC_DTM_FECUNPIT.LBL,140.6,True,False,5.0,669.29,good,5.0,0.0
Virtanen F 1,177.2069,15.7946,Impact Melt,FRESHMELT,https://pds.lroc.im-ldi.com/data/LRO-L-LROC-5-RDR-V1.0/LROLRC_2001/DATA/SDP/NAC_DTM/FRESHMELT/NAC_DTM_FRESHMELT.TIF,https://pds.lroc.im-ldi.com/data/LRO-L-LROC-5-RDR-V1.0/LROLRC_2001/DATA/SDP/NAC_DTM/FRESHMELT/NAC_DTM_FRESHMELT.LBL,371.6,True,False,2.0,340.92,good,1.52,1.23
Virtanen F 1,177.2069,15.7946,Impact Melt,FRESHMELT1,https://pds.lroc.im-ldi.com/data/LRO-L-LROC-5-RDR-V1.0/LROLRC_2001/DATA/SDP/NAC_DTM/FRESHMELT1/NAC_DTM_FRESHMELT1.TIF,https://pds.lroc.im-ldi.com/data/LRO-L-LROC-5-RDR-V1.0/LROLRC_2001/DATA/SDP/NAC_DTM/FRESHMELT1/NAC_DTM_FRESHMELT1.LBL,188.0,True,False,2.0,172.47,good,1.28,1.23
King 11a,120.0017,6.4593,Impact Melt,KINGCRATER2,https://pds.lroc.im-ldi.com/data/LRO-L-LROC-5-RDR-V1.0/LROLRC_2001/DATA/SDP/NAC_DTM/KINGCRATER2/NAC_DTM_KINGCRATER2.TIF,https://pds.lroc.im-ldi.com/data/LRO-L-LROC-5-RDR-V1.0/LROLRC_2001/DATA/SDP/NAC_DTM/KINGCRATER2/NAC_DTM_KINGCRATER2.LBL,199.7,True,False,2.0,183.19,good,1.32,0.559
King 11b,120.0023,6.4604,Impact Melt,KINGCRATER2,https://pds.lroc.im-ldi.com/data/LRO-L-LROC-5-RDR-V1.0/LROLRC_2001/DATA/SDP/NAC_DTM/KINGCRATER2/NAC_DTM_KINGCRATER2.TIF,https://pds.lroc.im-ldi.com/data/LRO-L-LROC-5-RDR-V1.0/LROLRC_2001/DATA/SDP/NAC_DTM/KINGCRATER2/NAC_DTM_KINGCRATER2.LBL,199.7,True,False,2.0,183.19,good,1.32,0.559
King 16,119.9304,6.3643,Impact Melt,KINGCRATER2,https://pds.lroc.im-ldi.com/data/LRO-L-LROC-5-RDR-V1.0/LROLRC_2001/DATA/SDP/NAC_DTM/KINGCRATER2/NAC_DTM_KINGCRATER2.TIF,https://pds.lroc.im-ldi.com/data/LRO-L-LROC-5-RDR-V1.0/LROLRC_2001/DATA/SDP/NAC_DTM/KINGCRATER2/NAC_DTM_KINGCRATER2.LBL,199.7,True,False,2.0,183.19,good,1.32,0.559
King 17,119.9847,6.6252,Impact Melt,KINGCRATER2,https://pds.lroc.im-ldi.com/data/LRO-L-LROC-5-RDR-V1.0/LROLRC_2001/DATA/SDP/NAC_DTM/KINGCRATER2/NAC_DTM_KINGCRATER2.TIF,https://pds.lroc.im-ldi.com/data/LRO-L-LROC-5-RDR-V1.0/LROLRC_2001/DATA/SDP/NAC_DTM/KINGCRATER2/NAC_DTM_KINGCRATER2.LBL,199.7,True,False,2.0,183.19,good,1.32,0.559
King 18,119.9894,6.6235,Impact Melt,KINGCRATER2,https://pds.lroc.im-ldi.com/data/LRO-L-LROC-5-RDR-V1.0/LROLRC_2001/DATA/SDP/NAC_DTM/KINGCRATER2/NAC_DTM_KINGCRATER2.TIF,https://pds.lroc.im-ldi.com/data/LRO-L-LROC-5-RDR-V1.0/LROLRC_2001/DATA/SDP/NAC_DTM/KINGCRATER2/NAC_DTM_KINGCRATER2.LBL,199.7,True,False,2.0,183.19,good,1.32,0.559
King 19,119.9861,6.5931,Impact Melt,KINGCRATER2,https://pds.lroc.im-ldi.com/data/LRO-L-LROC-5-RDR-V1.0/LROLRC_2001/DATA/SDP/NAC_DTM/KINGCRATER2/NAC_DTM_KINGCRATER2.TIF,https://pds.lroc.im-ldi.com/data/LRO-L-LROC-5-RDR-V1.0/LROLRC_2001/DATA/SDP/NAC_DTM/KINGCRATER2/NAC_DTM_KINGCRATER2.LBL,199.7,True,False,2.0,183.19,good,1.32,0.559
King 20a,119.9269,6.5098,Impact Melt,KINGCRATER2,https://pds.lroc.im-ldi.com/data/LRO-L-LROC-5-RDR-V1.0/LROLRC_2001/DATA/SDP/NAC_DTM/KINGCRATER2/NAC_DTM_KINGCRATER2.TIF,https://pds.lroc.im-ldi.com/data/LRO-L-LROC-5-RDR-V1.0/LROLRC_2001/DATA/SDP/NAC_DTM/KINGCRATER2/NAC_DTM_KINGCRATER2.LBL,199.7,True,False,2.0,183.19,good,1.32,0.559
King 20b,119.9289,6.5108,Impact Melt,KINGCRATER2,https://pds.lroc.im-ldi.com/data/LRO-L-LROC-5-RDR-V1.0/LROLRC_2001/DATA/SDP/NAC_DTM/KINGCRATER2/NAC_DTM_KINGCRATER2.TIF,https://pds.lroc.im-ldi.com/data/LRO-L-LROC-5-RDR-V1.0/LROLRC_2001/DATA/SDP/NAC_DTM/KINGCRATER2/NAC_DTM_KINGCRATER2.LBL,199.7,True,False,2.0,183.19,good,1.32,0.559
King 20c,119.9269,6.513,Impact Melt,KINGCRATER2,https://pds.lroc.im-ldi.com/data/LRO-L-LROC-5-RDR-V1.0/LROLRC_2001/DATA/SDP/NAC_DTM/KINGCRATER2/NAC_DTM_KINGCRATER2.TIF,https://pds.lroc.im-ldi.com/data/LRO-L-LROC-5-RDR-V1.0/LROLRC_2001/DATA/SDP/NAC_DTM/KINGCRATER2/NAC_DTM_KINGCRATER2.LBL,199.7,True,False,2.0,183.19,good,1.32,0.559
King 20d,119.9266,6.5142,Impact Melt,KINGCRATER2,https://pds.lroc.im-ldi.com/data/LRO-L-LROC-5-RDR-V1.0/LROLRC_2001/DATA/SDP/NAC_DTM/KINGCRATER2/NAC_DTM_KINGCRATER2.TIF,https://pds.lroc.im-ldi.com/data/LRO-L-LROC-5-RDR-V1.0/LROLRC_2001/DATA/SDP/NAC_DTM/KINGCRATER2/NAC_DTM_KINGCRATER2.LBL,199.7,True,False,2.0,183.19,good,1.32,0.559
King 20e,119.9298,6.5149,Impact Melt,KINGCRATER2,https://pds.lroc.im-ldi.com/data/LRO-L-LROC-5-RDR-V1.0/LROLRC_2001/DATA/SDP/NAC_DTM/KINGCRATER2/NAC_DTM_KINGCRATER2.TIF,https://pds.lroc.im-ldi.com/data/LRO-L-LROC-5-RDR-V1.0/LROLRC_2001/DATA/SDP/NAC_DTM/KINGCRATER2/NAC_DTM_KINGCRATER2.LBL,199.7,True,False,2.0,183.19,good,1.32,0.559
King 20f,119.9282,6.5153,Impact Melt,KINGCRATER2,https://pds.lroc.im-ldi.com/data/LRO-L-LROC-5-RDR-V1.0/LROLRC_2001/DATA/SDP/NAC_DTM/KINGCRATER2/NAC_DTM_KINGCRATER2.TIF,https://pds.lroc.im-ldi.com/data/LRO-L-LROC-5-RDR-V1.0/LROLRC_2001/DATA/SDP/NAC_DTM/KINGCRATER2/NAC_DTM_KINGCRATER2.LBL,199.7,True,False,2.0,183.19,good,1.32,0.559
King 20g,119.9304,6.5165,Impact Melt,KINGCRATER2,https://pds.lroc.im-ldi.com/data/LRO-L-LROC-5-RDR-V1.0/LROLRC_2001/DATA/SDP/NAC_DTM/KINGCRATER2/NAC_DTM_KINGCRATER2.TIF,https://pds.lroc.im-ldi.com/data/LRO-L-LROC-5-RDR-V1.0/LROLRC_2001/DATA/SDP/NAC_DTM/KINGCRATER2/NAC_DTM_KINGCRATER2.LBL,199.7,True,False,2.0,183.19,good,1.32,0.559
King 20h,119.9299,6.5183,Impact Melt,KINGCRATER2,https://pds.lroc.im-ldi.com/data/LRO-L-LROC-5-RDR-V1.0/LROLRC_2001/DATA/SDP/NAC_DTM/KINGCRATER2/NAC_DTM_KINGCRATER2.TIF,https://pds.lroc.im-ldi.com/data/LRO-L-LROC-5-RDR-V1.0/LROLRC_2001/DATA/SDP/NAC_DTM/KINGCRATER2/NAC_DTM_KINGCRATER2.LBL,199.7,True,False,2.0,183.19,good,1.32,0.559
King 21,119.9875,6.517,Impact Melt,KINGCRATER2,https://pds.lroc.im-ldi.com/data/LRO-L-LROC-5-RDR-V1.0/LROLRC_2001/DATA/SDP/NAC_DTM/KINGCRATER2/NAC_DTM_KINGCRATER2.TIF,https://pds.lroc.im-ldi.com/data/LRO-L-LROC-5-RDR-V1.0/LROLRC_2001/DATA/SDP/NAC_DTM/KINGCRATER2/NAC_DTM_KINGCRATER2.LBL,199.7,True,False,2.0,183.19,good,1.32,0.559
King 22,119.9941,6.4835,Impact Melt,KINGCRATER2,https://pds.lroc.im-ldi.com/data/LRO-L-LROC-5-RDR-V1.0/LROLRC_2001/DATA/SDP/NAC_DTM/KINGCRATER2/NAC_DTM_KINGCRATER2.TIF,https://pds.lroc.im-ldi.com/data/LRO-L-LROC-5-RDR-V1.0/LROLRC_2001/DATA/SDP/NAC_DTM/KINGCRATER2/NAC_DTM_KINGCRATER2.LBL,199.7,True,False,2.0,183.19,good,1.32,0.559
King 23,119.9019,6.3794,Impact Melt,KINGCRATER2,https://pds.lroc.im-ldi.com/data/LRO-L-LROC-5-RDR-V1.0/LROLRC_2001/DATA/SDP/NAC_DTM/KINGCRATER2/NAC_DTM_KINGCRATER2.TIF,https://pds.lroc.im-ldi.com/data/LRO-L-LROC-5-RDR-V1.0/LROLRC_2001/DATA/SDP/NAC_DTM/KINGCRATER2/NAC_DTM_KINGCRATER2.LBL,199.7,True,False,2.0,183.19,good,1.32,0.559
King 24a,119.9914,6.3416,Impact Melt,KINGCRATER2,https://pds.lroc.im-ldi.com/data/LRO-L-LROC-5-RDR-V1.0/LROLRC_2001/DATA/SDP/NAC_DTM/KINGCRATER2/NAC_DTM_KINGCRATER2.TIF,https://pds.lroc.im-ldi.com/data/LRO-L-LROC-5-RDR-V1.0/LROLRC_2001/DATA/SDP/NAC_DTM/KINGCRATER2/NAC_DTM_KINGCRATER2.LBL,199.7,True,False,2.0,183.19,good,1.32,0.559
King 24b,119.9907,6.34,Impact Melt,KINGCRATER2,https://pds.lroc.im-ldi.com/data/LRO-L-LROC-5-RDR-V1.0/LROLRC_2001/DATA/SDP/NAC_DTM/KINGCRATER2/NAC_DTM_KINGCRATER2.TIF,https://pds.lroc.im-ldi.com/data/LRO-L-LROC-5-RDR-V1.0/LROLRC_2001/DATA/SDP/NAC_DTM/KINGCRATER2/NAC_DTM_KINGCRATER2.LBL,199.7,True,False,2.0,183.19,good,1.32,0.559
King 24c,119.9913,6.3389,Impact Melt,KINGCRATER2,https://pds.lroc.im-ldi.com/data/LRO-L-LROC-5-RDR-V1.0/LROLRC_2001/DATA/SDP/NAC_DTM/KINGCRATER2/NAC_DTM_KINGCRATER2.TIF,https://pds.lroc.im-ldi.com/data/LRO-L-LROC-5-RDR-V1.0/LROLRC_2001/DATA/SDP/NAC_DTM/KINGCRATER2/NAC_DTM_KINGCRATER2.LBL,199.7,True,False,2.0,183.19,good,1.32,0.559
King 25,119.9429,6.2691,Impact Melt,KINGCRATER2,https://pds.lroc.im-ldi.com/data/LRO-L-LROC-5-RDR-V1.0/LROLRC_2001/DATA/SDP/NAC_DTM/KINGCRATER2/NAC_DTM_KINGCRATER2.TIF,https://pds.lroc.im-ldi.com/data/LRO-L-LROC-5-RDR-V1.0/LROLRC_2001/DATA/SDP/NAC_DTM/KINGCRATER2/NAC_DTM_KINGCRATER2.LBL,199.7,True,False,2.0,183.19,good,1.32,0.559
King 2a,119.9992,6.3808,Impact Melt,KINGCRATER2,https://pds.lroc.im-ldi.com/data/LRO-L-LROC-5-RDR-V1.0/LROLRC_2001/DATA/SDP/NAC_DTM/KINGCRATER2/NAC_DTM_KINGCRATER2.TIF,https://pds.lroc.im-ldi.com/data/LRO-L-LROC-5-RDR-V1.0/LROLRC_2001/DATA/SDP/NAC_DTM/KINGCRATER2/NAC_DTM_KINGCRATER2.LBL,199.7,True,False,2.0,183.19,good,1.32,0.559
King 2b,119.9972,6.3802,Impact Melt,KINGCRATER2,https://pds.lroc.im-ldi.com/data/LRO-L-LROC-5-RDR-V1.0/LROLRC_2001/DATA/SDP/NAC_DTM/KINGCRATER2/NAC_DTM_KINGCRATER2.TIF,https://pds.lroc.im-ldi.com/data/LRO-L-LROC-5-RDR-V1.0/LROLRC_2001/DATA/SDP/NAC_DTM/KINGCRATER2/NAC_DTM_KINGCRATER2.LBL,199.7,True,False,2.0,183.19,good,1.32,0.559
King 30,119.9937,6.3339,Impact Melt,KINGCRATER2,https://pds.lroc.im-ldi.com/data/LRO-L-LROC-5-RDR-V1.0/LROLRC_2001/DATA/SDP/NAC_DTM/KINGCRATER2/NAC_DTM_KINGCRATER2.TIF,https://pds.lroc.im-ldi.com/data/LRO-L-LROC-5-RDR-V1.0/LROLRC_2001/DATA/SDP/NAC_DTM/KINGCRATER2/NAC_DTM_KINGCRATER2.LBL,199.7,True,False,2.0,183.19,good,1.32,0.559
King 31,119.9879,6.5229,Impact Melt,KINGCRATER2,https://pds.lroc.im-ldi.com/data/LRO-L-LROC-5-RDR-V1.0/LROLRC_2001/DATA/SDP/NAC_DTM/KINGCRATER2/NAC_DTM_KINGCRATER2.TIF,https://pds.lroc.im-ldi.com/data/LRO-L-LROC-5-RDR-V1.0/LROLRC_2001/DATA/SDP/NAC_DTM/KINGCRATER2/NAC_DTM_KINGCRATER2.LBL,199.7,True,False,2.0,183.19,good,1.32,0.559
King 34a,119.9975,6.3372,Impact Melt,KINGCRATER2,https://pds.lroc.im-ldi.com/data/LRO-L-LROC-5-RDR-V1.0/LROLRC_2001/DATA/SDP/NAC_DTM/KINGCRATER2/NAC_DTM_KINGCRATER2.TIF,https://pds.lroc.im-ldi.com/data/LRO-L-LROC-5-RDR-V1.0/LROLRC_2001/DATA/SDP/NAC_DTM/KINGCRATER2/NAC_DTM_KINGCRATER2.LBL,199.7,True,False,2.0,183.19,good,1.32,0.559
King 34b,119.9972,6.3361,Impact Melt,KINGCRATER2,https://pds.lroc.im-ldi.com/data/LRO-L-LROC-5-RDR-V1.0/LROLRC_2001/DATA/SDP/NAC_DTM/KINGCRATER2/NAC_DTM_KINGCRATER2.TIF,https://pds.lroc.im-ldi.com/data/LRO-L-LROC-5-RDR-V1.0/LROLRC_2001/DATA/SDP/NAC_DTM/KINGCRATER2/NAC_DTM_KINGCRATER2.LBL,199.7,True,False,2.0,183.19,good,1.32,0.559
King 37,120.0056,6.3814,Impact Melt,KINGCRATER2,https://pds.lroc.im-ldi.com/data/LRO-L-LROC-5-RDR-V1.0/LROLRC_2001/DATA/SDP/NAC_DTM/KINGCRATER2/NAC_DTM_KINGCRATER2.TIF,https://pds.lroc.im-ldi.com/data/LRO-L-LROC-5-RDR-V1.0/LROLRC_2001/DATA/SDP/NAC_DTM/KINGCRATER2/NAC_DTM_KINGCRATER2.LBL,199.7,True,False,2.0,183.19,good,1.32,0.559
King 38,119.9252,6.37,Impact Melt,KINGCRATER2,https://pds.lroc.im-ldi.com/data/LRO-L-LROC-5-RDR-V1.0/LROLRC_2001/DATA/SDP/NAC_DTM/KINGCRATER2/NAC_DTM_KINGCRATER2.TIF,https://pds.lroc.im-ldi.com/data/LRO-L-LROC-5-RDR-V1.0/LROLRC_2001/DATA/SDP/NAC_DTM/KINGCRATER2/NAC_DTM_KINGCRATER2.LBL,199.7,True,False,2.0,183.19,good,1.32,0.559
King 39,119.9842,6.6308,Impact Melt,KINGCRATER2,https://pds.lroc.im-ldi.com/data/LRO-L-LROC-5-RDR-V1.0/LROLRC_2001/DATA/SDP/NAC_DTM/KINGCRATER2/NAC_DTM_KINGCRATER2.TIF,https://pds.lroc.im-ldi.com/data/LRO-L-LROC-5-RDR-V1.0/LROLRC_2001/DATA/SDP/NAC_DTM/KINGCRATER2/NAC_DTM_KINGCRATER2.LBL,199.7,True,False,2.0,183.19,good,1.32,0.559
King 40,119.9976,6.4779,Impact Melt,KINGCRATER2,https://pds.lroc.im-ldi.com/data/LRO-L-LROC-5-RDR-V1.0/LROLRC_2001/DATA/SDP/NAC_DTM/KINGCRATER2/NAC_DTM_KINGCRATER2.TIF,https://pds.lroc.im-ldi.com/data/LRO-L-LROC-5-RDR-V1.0/LROLRC_2001/DATA/SDP/NAC_DTM/KINGCRATER2/NAC_DTM_KINGCRATER2.LBL,199.7,True,False,2.0,183.19,good,1.32,0.559
King 42,120.0066,6.3321,Impact Melt,KINGCRATER2,https://pds.lroc.im-ldi.com/data/LRO-L-LROC-5-RDR-V1.0/LROLRC_2001/DATA/SDP/NAC_DTM/KINGCRATER2/NAC_DTM_KINGCRATER2.TIF,https://pds.lroc.im-ldi.com/data/LRO-L-LROC-5-RDR-V1.0/LROLRC_2001/DATA/SDP/NAC_DTM/KINGCRATER2/NAC_DTM_KINGCRATER2.LBL,199.7,True,False,2.0,183.19,good,1.32,0.559
King 12,119.7506,6.2487,Impact Melt,KINGCRATER3,https://pds.lroc.im-ldi.com/data/LRO-L-LROC-5-RDR-V1.0/LROLRC_2001/DATA/SDP/NAC_DTM/KINGCRATER3/NAC_DTM_KINGCRATER3.TIF,https://pds.lroc.im-ldi.com/data/LRO-L-LROC-5-RDR-V1.0/LROLRC_2001/DATA/SDP/NAC_DTM/KINGCRATER3/NAC_DTM_KINGCRATER3.LBL,205.9,True,False,2.0,188.88,good,1.45,0.559
King 13a,119.7626,6.2538,Impact Melt,KINGCRATER3,https://pds.lroc.im-ldi.com/data/LRO-L-LROC-5-RDR-V1.0/LROLRC_2001/DATA/SDP/NAC_DTM/KINGCRATER3/NAC_DTM_KINGCRATER3.TIF,https://pds.lroc.im-ldi.com/data/LRO-L-LROC-5-RDR-V1.0/LROLRC_2001/DATA/SDP/NAC_DTM/KINGCRATER3/NAC_DTM_KINGCRATER3.LBL,205.9,True,False,2.0,188.88,good,1.45,0.559
King 13b,119.7615,6.2551,Impact Melt,KINGCRATER3,https://pds.lroc.im-ldi.com/data/LRO-L-LROC-5-RDR-V1.0/LROLRC_2001/DATA/SDP/NAC_DTM/KINGCRATER3/NAC_DTM_KINGCRATER3.TIF,https://pds.lroc.im-ldi.com/data/LRO-L-LROC-5-RDR-V1.0/LROLRC_2001/DATA/SDP/NAC_DTM/KINGCRATER3/NAC_DTM_KINGCRATER3.LBL,205.9,True,False,2.0,188.88,good,1.45,0.559
King 14,119.7635,6.2784,Impact Melt,KINGCRATER3,https://pds.lroc.im-ldi.com/data/LRO-L-LROC-5-RDR-V1.0/LROLRC_2001/DATA/SDP/NAC_DTM/KINGCRATER3/NAC_DTM_KINGCRATER3.TIF,https://pds.lroc.im-ldi.com/data/LRO-L-LROC-5-RDR-V1.0/LROLRC_2001/DATA/SDP/NAC_DTM/KINGCRATER3/NAC_DTM_KINGCRATER3.LBL,205.9,True,False,2.0,188.88,good,1.45,0.559
King 15a,119.7847,6.4782,Impact Melt,KINGCRATER3,https://pds.lroc.im-ldi.com/data/LRO-L-LROC-5-RDR-V1.0/LROLRC_2001/DATA/SDP/NAC_DTM/KINGCRATER3/NAC_DTM_KINGCRATER3.TIF,https://pds.lroc.im-ldi.com/data/LRO-L-LROC-5-RDR-V1.0/LROLRC_2001/DATA/SDP/NAC_DTM/KINGCRATER3/NAC_DTM_KINGCRATER3.LBL,205.9,True,False,2.0,188.88,good,1.45,0.559
King 15b,119.7853,6.4781,Impact Melt,KINGCRATER3,https://pds.lroc.im-ldi.com/data/LRO-L-LROC-5-RDR-V1.0/LROLRC_2001/DATA/SDP/NAC_DTM/KINGCRATER3/NAC_DTM_KINGCRATER3.TIF,https://pds.lroc.im-ldi.com/data/LRO-L-LROC-5-RDR-V1.0/LROLRC_2001/DATA/SDP/NAC_DTM/KINGCRATER3/NAC_DTM_KINGCRATER3.LBL,205.9,True,False,2.0,188.88,good,1.45,0.559
King 1a,119.7341,6.2408,Impact Melt,KINGCRATER3,https://pds.lroc.im-ldi.com/data/LRO-L-LROC-5-RDR-V1.0/LROLRC_2001/DATA/SDP/NAC_DTM/KINGCRATER3/NAC_DTM_KINGCRATER3.TIF,https://pds.lroc.im-ldi.com/data/LRO-L-LROC-5-RDR-V1.0/LROLRC_2001/DATA/SDP/NAC_DTM/KINGCRATER3/NAC_DTM_KINGCRATER3.LBL,205.9,True,False,2.0,188.88,good,1.45,0.559
King 1b,119.7351,6.2402,Impact Melt,KINGCRATER3,https://pds.lroc.im-ldi.com/data/LRO-L-LROC-5-RDR-V1.0/LROLRC_2001/DATA/SDP/NAC_DTM/KINGCRATER3/NAC_DTM_KINGCRATER3.TIF,https://pds.lroc.im-ldi.com/data/LRO-L-LROC-5-RDR-V1.0/LROLRC_2001/DATA/SDP/NAC_DTM/KINGCRATER3/NAC_DTM_KINGCRATER3.LBL,205.9,True,False,2.0,188.88,good,1.45,0.559
King 23,119.9019,6.3794,Impact Melt,KINGCRATER3,https://pds.lroc.im-ldi.com/data/LRO-L-LROC-5-RDR-V1.0/LROLRC_2001/DATA/SDP/NAC_DTM/KINGCRATER3/NAC_DTM_KINGCRATER3.TIF,https://pds.lroc.im-ldi.com/data/LRO-L-LROC-5-RDR-V1.0/LROLRC_2001/DATA/SDP/NAC_DTM/KINGCRATER3/NAC_DTM_KINGCRATER3.LBL,205.9,True,False,2.0,188.88,good,1.45,0.559
King 26,119.82,6.6385,Impact Melt,KINGCRATER3,https://pds.lroc.im-ldi.com/data/LRO-L-LROC-5-RDR-V1.0/LROLRC_2001/DATA/SDP/NAC_DTM/KINGCRATER3/NAC_DTM_KINGCRATER3.TIF,https://pds.lroc.im-ldi.com/data/LRO-L-LROC-5-RDR-V1.0/LROLRC_2001/DATA/SDP/NAC_DTM/KINGCRATER3/NAC_DTM_KINGCRATER3.LBL,205.9,True,False,2.0,188.88,good,1.45,0.559
King 27,119.8719,6.5044,Impact Melt,KINGCRATER3,https://pds.lroc.im-ldi.com/data/LRO-L-LROC-5-RDR-V1.0/LROLRC_2001/DATA/SDP/NAC_DTM/KINGCRATER3/NAC_DTM_KINGCRATER3.TIF,https://pds.lroc.im-ldi.com/data/LRO-L-LROC-5-RDR-V1.0/LROLRC_2001/DATA/SDP/NAC_DTM/KINGCRATER3/NAC_DTM_KINGCRATER3.LBL,205.9,True,False,2.0,188.88,good,1.45,0.559
King 28,119.8593,6.3016,Impact Melt,KINGCRATER3,https://pds.lroc.im-ldi.com/data/LRO-L-LROC-5-RDR-V1.0/LROLRC_2001/DATA/SDP/NAC_DTM/KINGCRATER3/NAC_DTM_KINGCRATER3.TIF,https://pds.lroc.im-ldi.com/data/LRO-L-LROC-5-RDR-V1.0/LROLRC_2001/DATA/SDP/NAC_DTM/KINGCRATER3/NAC_DTM_KINGCRATER3.LBL,205.9,True,False,2.0,188.88,good,1.45,0.559
King 29,119.8145,6.4827,Impact Melt,KINGCRATER3,https://pds.lroc.im-ldi.com/data/LRO-L-LROC-5-RDR-V1.0/LROLRC_2001/DATA/SDP/NAC_DTM/KINGCRATER3/NAC_DTM_KINGCRATER3.TIF,https://pds.lroc.im-ldi.com/data/LRO-L-LROC-5-RDR-V1.0/LROLRC_2001/DATA/SDP/NAC_DTM/KINGCRATER3/NAC_DTM_KINGCRATER3.LBL,205.9,True,False,2.0,188.88,good,1.45,0.559
King 32,119.8067,6.3231,Impact Melt,KINGCRATER3,https://pds.lroc.im-ldi.com/data/LRO-L-LROC-5-RDR-V1.0/LROLRC_2001/DATA/SDP/NAC_DTM/KINGCRATER3/NAC_DTM_KINGCRATER3.TIF,https://pds.lroc.im-ldi.com/data/LRO-L-LROC-5-RDR-V1.0/LROLRC_2001/DATA/SDP/NAC_DTM/KINGCRATER3/NAC_DTM_KINGCRATER3.LBL,205.9,True,False,2.0,188.88,good,1.45,0.559
King 35,119.7252,6.4417,Impact Melt,KINGCRATER3,https://pds.lroc.im-ldi.com/data/LRO-L-LROC-5-RDR-V1.0/LROLRC_2001/DATA/SDP/NAC_DTM/KINGCRATER3/NAC_DTM_KINGCRATER3.TIF,https://pds.lroc.im-ldi.com/data/LRO-L-LROC-5-RDR-V1.0/LROLRC_2001/DATA/SDP/NAC_DTM/KINGCRATER3/NAC_DTM_KINGCRATER3.LBL,205.9,True,False,2.0,188.88,good,1.45,0.559
King 36,119.7664,6.214,Impact Melt,KINGCRATER3,https://pds.lroc.im-ldi.com/data/LRO-L-LROC-5-RDR-V1.0/LROLRC_2001/DATA/SDP/NAC_DTM/KINGCRATER3/NAC_DTM_KINGCRATER3.TIF,https://pds.lroc.im-ldi.com/data/LRO-L-LROC-5-RDR-V1.0/LROLRC_2001/DATA/SDP/NAC_DTM/KINGCRATER3/NAC_DTM_KINGCRATER3.LBL,205.9,True,False,2.0,188.88,good,1.45,0.559
King 3a,119.8108,6.4082,Impact Melt,KINGCRATER3,https://pds.lroc.im-ldi.com/data/LRO-L-LROC-5-RDR-V1.0/LROLRC_2001/DATA/SDP/NAC_DTM/KINGCRATER3/NAC_DTM_KINGCRATER3.TIF,https://pds.lroc.im-ldi.com/data/LRO-L-LROC-5-RDR-V1.0/LROLRC_2001/DATA/SDP/NAC_DTM/KINGCRATER3/NAC_DTM_KINGCRATER3.LBL,205.9,True,False,2.0,188.88,good,1.45,0.559
King 3b,119.8105,6.4081,Impact Melt,KINGCRATER3,https://pds.lroc.im-ldi.com/data/LRO-L-LROC-5-RDR-V1.0/LROLRC_2001/DATA/SDP/NAC_DTM/KINGCRATER3/NAC_DTM_KINGCRATER3.TIF,https://pds.lroc.im-ldi.com/data/LRO-L-LROC-5-RDR-V1.0/LROLRC_2001/DATA/SDP/NAC_DTM/KINGCRATER3/NAC_DTM_KINGCRATER3.LBL,205.9,True,False,2.0,188.88,good,1.45,0.559
King 41,119.8299,6.6376,Impact Melt,KINGCRATER3,https://pds.lroc.im-ldi.com/data/LRO-L-LROC-5-RDR-V1.0/LROLRC_2001/DATA/SDP/NAC_DTM/KINGCRATER3/NAC_DTM_KINGCRATER3.TIF,https://pds.lroc.im-ldi.com/data/LRO-L-LROC-5-RDR-V1.0/LROLRC_2001/DATA/SDP/NAC_DTM/KINGCRATER3/NAC_DTM_KINGCRATER3.LBL,205.9,True,False,2.0,188.88,good,1.45,0.559
King 4a,119.7815,6.2066,Impact Melt,KINGCRATER3,https://pds.lroc.im-ldi.com/data/LRO-L-LROC-5-RDR-V1.0/LROLRC_2001/DATA/SDP/NAC_DTM/KINGCRATER3/NAC_DTM_KINGCRATER3.TIF,https://pds.lroc.im-ldi.com/data/LRO-L-LROC-5-RDR-V1.0/LROLRC_2001/DATA/SDP/NAC_DTM/KINGCRATER3/NAC_DTM_KINGCRATER3.LBL,205.9,True,False,2.0,188.88,good,1.45,0.559
King 4b,119.7804,6.2061,Impact Melt,KINGCRATER3,https://pds.lroc.im-ldi.com/data/LRO-L-LROC-5-RDR-V1.0/LROLRC_2001/DATA/SDP/NAC_DTM/KINGCRATER3/NAC_DTM_KINGCRATER3.TIF,https://pds.lroc.im-ldi.com/data/LRO-L-LROC-5-RDR-V1.0/LROLRC_2001/DATA/SDP/NAC_DTM/KINGCRATER3/NAC_DTM_KINGCRATER3.LBL,205.9,True,False,2.0,188.88,good,1.45,0.559
King 5,119.8005,6.3371,Impact Melt,KINGCRATER3,https://pds.lroc.im-ldi.com/data/LRO-L-LROC-5-RDR-V1.0/LROLRC_2001/DATA/SDP/NAC_DTM/KINGCRATER3/NAC_DTM_KINGCRATER3.TIF,https://pds.lroc.im-ldi.com/data/LRO-L-LROC-5-RDR-V1.0/LROLRC_2001/DATA/SDP/NAC_DTM/KINGCRATER3/NAC_DTM_KINGCRATER3.LBL,205.9,True,False,2.0,188.88,good,1.45,0.559
King 7,119.7378,6.467,Impact Melt,KINGCRATER3,https://pds.lroc.im-ldi.com/data/LRO-L-LROC-5-RDR-V1.0/LROLRC_2001/DATA/SDP/NAC_DTM/KINGCRATER3/NAC_DTM_KINGCRATER3.TIF,https://pds.lroc.im-ldi.com/data/LRO-L-LROC-5-RDR-V1.0/LROLRC_2001/DATA/SDP/NAC_DTM/KINGCRATER3/NAC_DTM_KINGCRATER3.LBL,205.9,True,False,2.0,188.88,good,1.45,0.559
King 8a,119.8329,6.4369,Impact Melt,KINGCRATER3,https://pds.lroc.im-ldi.com/data/LRO-L-LROC-5-RDR-V1.0/LROLRC_2001/DATA/SDP/NAC_DTM/KINGCRATER3/NAC_DTM_KINGCRATER3.TIF,https://pds.lroc.im-ldi.com/data/LRO-L-LROC-5-RDR-V1.0/LROLRC_2001/DATA/SDP/NAC_DTM/KINGCRATER3/NAC_DTM_KINGCRATER3.LBL,205.9,True,False,2.0,188.88,good,1.45,0.559
King 8b,119.8335,6.4365,Impact Melt,KINGCRATER3,https://pds.lroc.im-ldi.com/data/LRO-L-LROC-5-RDR-V1.0/LROLRC_2001/DATA/SDP/NAC_DTM/KINGCRATER3/NAC_DTM_KINGCRATER3.TIF,https://pds.lroc.im-ldi.com/data/LRO-L-LROC-5-RDR-V1.0/LROLRC_2001/DATA/SDP/NAC_DTM/KINGCRATER3/NAC_DTM_KINGCRATER3.LBL,205.9,True,False,2.0,188.88,good,1.45,0.559
King 8c,119.8331,6.4412,Impact Melt,KINGCRATER3,https://pds.lroc.im-ldi.com/data/LRO-L-LROC-5-RDR-V1.0/LROLRC_2001/DATA/SDP/NAC_DTM/KINGCRATER3/NAC_DTM_KINGCRATER3.TIF,https://pds.lroc.im-ldi.com/data/LRO-L-LROC-5-RDR-V1.0/LROLRC_2001/DATA/SDP/NAC_DTM/KINGCRATER3/NAC_DTM_KINGCRATER3.LBL,205.9,True,False,2.0,188.88,good,1.45,0.559
King 12,119.7506,6.2487,Impact Melt,KINGCRATER4,https://pds.lroc.im-ldi.com/data/LRO-L-LROC-5-RDR-V1.0/LROLRC_2001/DATA/SDP/NAC_DTM/KINGCRATER4/NAC_DTM_KINGCRATER4.TIF,https://pds.lroc.im-ldi.com/data/LRO-L-LROC-5-RDR-V1.0/LROLRC_2001/DATA/SDP/NAC_DTM/KINGCRATER4/NAC_DTM_KINGCRATER4.LBL,213.4,True,False,2.0,195.82,good,1.43,0.559
King 13a,119.7626,6.2538,Impact Melt,KINGCRATER4,https://pds.lroc.im-ldi.com/data/LRO-L-LROC-5-RDR-V1.0/LROLRC_2001/DATA/SDP/NAC_DTM/KINGCRATER4/NAC_DTM_KINGCRATER4.TIF,https://pds.lroc.im-ldi.com/data/LRO-L-LROC-5-RDR-V1.0/LROLRC_2001/DATA/SDP/NAC_DTM/KINGCRATER4/NAC_DTM_KINGCRATER4.LBL,213.4,True,False,2.0,195.82,good,1.43,0.559
King 13b,119.7615,6.2551,Impact Melt,KINGCRATER4,https://pds.lroc.im-ldi.com/data/LRO-L-LROC-5-RDR-V1.0/LROLRC_2001/DATA/SDP/NAC_DTM/KINGCRATER4/NAC_DTM_KINGCRATER4.TIF,https://pds.lroc.im-ldi.com/data/LRO-L-LROC-5-RDR-V1.0/LROLRC_2001/DATA/SDP/NAC_DTM/KINGCRATER4/NAC_DTM_KINGCRATER4.LBL,213.4,True,False,2.0,195.82,good,1.43,0.559
King 14,119.7635,6.2784,Impact Melt,KINGCRATER4,https://pds.lroc.im-ldi.com/data/LRO-L-LROC-5-RDR-V1.0/LROLRC_2001/DATA/SDP/NAC_DTM/KINGCRATER4/NAC_DTM_KINGCRATER4.TIF,https://pds.lroc.im-ldi.com/data/LRO-L-LROC-5-RDR-V1.0/LROLRC_2001/DATA/SDP/NAC_DTM/KINGCRATER4/NAC_DTM_KINGCRATER4.LBL,213.4,True,False,2.0,195.82,good,1.43,0.559
King 1a,119.7341,6.2408,Impact Melt,KINGCRATER4,https://pds.lroc.im-ldi.com/data/LRO-L-LROC-5-RDR-V1.0/LROLRC_2001/DATA/SDP/NAC_DTM/KINGCRATER4/NAC_DTM_KINGCRATER4.TIF,https://pds.lroc.im-ldi.com/data/LRO-L-LROC-5-RDR-V1.0/LROLRC_2001/DATA/SDP/NAC_DTM/KINGCRATER4/NAC_DTM_KINGCRATER4.LBL,213.4,True,False,2.0,195.82,good,1.43,0.559
King 1b,119.7351,6.2402,Impact Melt,KINGCRATER4,https://pds.lroc.im-ldi.com/data/LRO-L-LROC-5-RDR-V1.0/LROLRC_2001/DATA/SDP/NAC_DTM/KINGCRATER4/NAC_DTM_KINGCRATER4.TIF,https://pds.lroc.im-ldi.com/data/LRO-L-LROC-5-RDR-V1.0/LROLRC_2001/DATA/SDP/NAC_DTM/KINGCRATER4/NAC_DTM_KINGCRATER4.LBL,213.4,True,False,2.0,195.82,good,1.43,0.559
King 33,119.6998,6.4873,Impact Melt,KINGCRATER4,https://pds.lroc.im-ldi.com/data/LRO-L-LROC-5-RDR-V1.0/LROLRC_2001/DATA/SDP/NAC_DTM/KINGCRATER4/NAC_DTM_KINGCRATER4.TIF,https://pds.lroc.im-ldi.com/data/LRO-L-LROC-5-RDR-V1.0/LROLRC_2001/DATA/SDP/NAC_DTM/KINGCRATER4/NAC_DTM_KINGCRATER4.LBL,213.4,True,False,2.0,195.82,good,1.43,0.559
King 35,119.7252,6.4417,Impact Melt,KINGCRATER4,https://pds.lroc.im-ldi.com/data/LRO-L-LROC-5-RDR-V1.0/LROLRC_2001/DATA/SDP/NAC_DTM/KINGCRATER4/NAC_DTM_KINGCRATER4.TIF,https://pds.lroc.im-ldi.com/data/LRO-L-LROC-5-RDR-V1.0/LROLRC_2001/DATA/SDP/NAC_DTM/KINGCRATER4/NAC_DTM_KINGCRATER4.LBL,213.4,True,False,2.0,195.82,good,1.43,0.559
King 36,119.7664,6.214,Impact Melt,KINGCRATER4,https://pds.lroc.im-ldi.com/data/LRO-L-LROC-5-RDR-V1.0/LROLRC_2001/DATA/SDP/NAC_DTM/KINGCRATER4/NAC_DTM_KINGCRATER4.TIF,https://pds.lroc.im-ldi.com/data/LRO-L-LROC-5-RDR-V1.0/LROLRC_2001/DATA/SDP/NAC_DTM/KINGCRATER4/NAC_DTM_KINGCRATER4.LBL,213.4,True,False,2.0,195.82,good,1.43,0.559
King 6,119.7247,6.2776,Impact Melt,KINGCRATER4,https://pds.lroc.im-ldi.com/data/LRO-L-LROC-5-RDR-V1.0/LROLRC_2001/DATA/SDP/NAC_DTM/KINGCRATER4/NAC_DTM_KINGCRATER4.TIF,https://pds.lroc.im-ldi.com/data/LRO-L-LROC-5-RDR-V1.0/LROLRC_2001/DATA/SDP/NAC_DTM/KINGCRATER4/NAC_DTM_KINGCRATER4.LBL,213.4,True,False,2.0,195.82,good,1.43,0.559
King 7,119.7378,6.467,Impact Melt,KINGCRATER4,https://pds.lroc.im-ldi.com/data/LRO-L-LROC-5-RDR-V1.0/LROLRC_2001/DATA/SDP/NAC_DTM/KINGCRATER4/NAC_DTM_KINGCRATER4.TIF,https://pds.lroc.im-ldi.com/data/LRO-L-LROC-5-RDR-V1.0/LROLRC_2001/DATA/SDP/NAC_DTM/KINGCRATER4/NAC_DTM_KINGCRATER4.LBL,213.4,True,False,2.0,195.82,good,1.43,0.559
Marius Hills Pit,-56.7701,14.0917,Mare,MARIUSCONE,https://pds.lroc.im-ldi.com/data/LRO-L-LROC-5-RDR-V1.0/LROLRC_2001/DATA/SDP/NAC_DTM/MARIUSCONE/NAC_DTM_MARIUSCONE.TIF,https://pds.lroc.im-ldi.com/data/LRO-L-LROC-5-RDR-V1.0/LROLRC_2001/DATA/SDP/NAC_DTM/MARIUSCONE/NAC_DTM_MARIUSCONE.LBL,284.2,True,False,4.0,811.89,good,3.43,0.321
Tycho 13,-11.7311,-43.1399,Impact Melt,TYCHOPK,https://pds.lroc.im-ldi.com/data/LRO-L-LROC-5-RDR-V1.0/LROLRC_2001/DATA/SDP/NAC_DTM/TYCHOPK/NAC_DTM_TYCHOPK.TIF,https://pds.lroc.im-ldi.com/data/LRO-L-LROC-5-RDR-V1.0/LROLRC_2001/DATA/SDP/NAC_DTM/TYCHOPK/NAC_DTM_TYCHOPK.LBL,1093.3,True,False,2.0,1003.0,good,2.38,0.535
Tycho 14,-10.9282,-43.1467,Impact Melt,TYCHOPK,https://pds.lroc.im-ldi.com/data/LRO-L-LROC-5-RDR-V1.0/LROLRC_2001/DATA/SDP/NAC_DTM/TYCHOPK/NAC_DTM_TYCHOPK.TIF,https://pds.lroc.im-ldi.com/data/LRO-L-LROC-5-RDR-V1.0/LROLRC_2001/DATA/SDP/NAC_DTM/TYCHOPK/NAC_DTM_TYCHOPK.LBL,1093.3,True,False,2.0,1003.0,good,2.38,0.535
Tycho 17a,-11.7578,-43.0855,Impact Melt,TYCHOPK,https://pds.lroc.im-ldi.com/data/LRO-L-LROC-5-RDR-V1.0/LROLRC_2001/DATA/SDP/NAC_DTM/TYCHOPK/NAC_DTM_TYCHOPK.TIF,https://pds.lroc.im-ldi.com/data/LRO-L-LROC-5-RDR-V1.0/LROLRC_2001/DATA/SDP/NAC_DTM/TYCHOPK/NAC_DTM_TYCHOPK.LBL,1093.3,True,False,2.0,1003.0,good,2.38,0.535
Tycho 17b,-11.7573,-43.0794,Impact Melt,TYCHOPK,https://pds.lroc.im-ldi.com/data/LRO-L-LROC-5-RDR-V1.0/LROLRC_2001/DATA/SDP/NAC_DTM/TYCHOPK/NAC_DTM_TYCHOPK.TIF,https://pds.lroc.im-ldi.com/data/LRO-L-LROC-5-RDR-V1.0/LROLRC_2001/DATA/SDP/NAC_DTM/TYCHOPK/NAC_DTM_TYCHOPK.LBL,1093.3,True,False,2.0,1003.0,good,2.38,0.535
Tycho 29a,-11.4576,-42.8468,Impact Melt,TYCHOPK,https://pds.lroc.im-ldi.com/data/LRO-L-LROC-5-RDR-V1.0/LROLRC_2001/DATA/SDP/NAC_DTM/TYCHOPK/NAC_DTM_TYCHOPK.TIF,https://pds.lroc.im-ldi.com/data/LRO-L-LROC-5-RDR-V1.0/LROLRC_2001/DATA/SDP/NAC_DTM/TYCHOPK/NAC_DTM_TYCHOPK.LBL,1093.3,True,False,2.0,1003.0,good,2.38,0.535
Tycho 29b,-11.4585,-42.8473,Impact Melt,TYCHOPK,https://pds.lroc.im-ldi.com/data/LRO-L-LROC-5-RDR-V1.0/LROLRC_2001/DATA/SDP/NAC_DTM/TYCHOPK/NAC_DTM_TYCHOPK.TIF,https://pds.lroc.im-ldi.com/data/LRO-L-LROC-5-RDR-V1.0/LROLRC_2001/DATA/SDP/NAC_DTM/TYCHOPK/NAC_DTM_TYCHOPK.LBL,1093.3,True,False,2.0,1003.0,good,2.38,0.535
Tycho 29c,-11.4595,-42.8478,Impact Melt,TYCHOPK,https://pds.lroc.im-ldi.com/data/LRO-L-LROC-5-RDR-V1.0/LROLRC_2001/DATA/SDP/NAC_DTM/TYCHOPK/NAC_DTM_TYCHOPK.TIF,https://pds.lroc.im-ldi.com/data/LRO-L-LROC-5-RDR-V1.0/LROLRC_2001/DATA/SDP/NAC_DTM/TYCHOPK/NAC_DTM_TYCHOPK.LBL,1093.3,True,False,2.0,1003.0,good,2.38,0.535
Tycho 5a,-11.3668,-42.6199,Impact Melt,TYCHOPK,https://pds.lroc.im-ldi.com/data/LRO-L-LROC-5-RDR-V1.0/LROLRC_2001/DATA/SDP/NAC_DTM/TYCHOPK/NAC_DTM_TYCHOPK.TIF,https://pds.lroc.im-ldi.com/data/LRO-L-LROC-5-RDR-V1.0/LROLRC_2001/DATA/SDP/NAC_DTM/TYCHOPK/NAC_DTM_TYCHOPK.LBL,1093.3,True,False,2.0,1003.0,good,2.38,0.535
Tycho 5b,-11.3637,-42.6179,Impact Melt,TYCHOPK,https://pds.lroc.im-ldi.com/data/LRO-L-LROC-5-RDR-V1.0/LROLRC_2001/DATA/SDP/NAC_DTM/TYCHOPK/NAC_DTM_TYCHOPK.TIF,https://pds.lroc.im-ldi.com/data/LRO-L-LROC-5-RDR-V1.0/LROLRC_2001/DATA/SDP/NAC_DTM/TYCHOPK/NAC_DTM_TYCHOPK.LBL,1093.3,True,False,2.0,1003.0,good,2.38,0.535
Tycho 5c,-11.3583,-42.6152,Impact Melt,TYCHOPK,https://pds.lroc.im-ldi.com/data/LRO-L-LROC-5-RDR-V1.0/LROLRC_2001/DATA/SDP/NAC_DTM/TYCHOPK/NAC_DTM_TYCHOPK.TIF,https://pds.lroc.im-ldi.com/data/LRO-L-LROC-5-RDR-V1.0/LROLRC_2001/DATA/SDP/NAC_DTM/TYCHOPK/NAC_DTM_TYCHOPK.LBL,1093.3,True,False,2.0,1003.0,good,2.38,0.535
Tycho 5d,-11.3517,-42.612,Impact Melt,TYCHOPK,https://pds.lroc.im-ldi.com/data/LRO-L-LROC-5-RDR-V1.0/LROLRC_2001/DATA/SDP/NAC_DTM/TYCHOPK/NAC_DTM_TYCHOPK.TIF,https://pds.lroc.im-ldi.com/data/LRO-L-LROC-5-RDR-V1.0/LROLRC_2001/DATA/SDP/NAC_DTM/TYCHOPK/NAC_DTM_TYCHOPK.LBL,1093.3,True,False,2.0,1003.0,good,2.38,0.535
Tycho 5e,-11.3628,-42.6218,Impact Melt,TYCHOPK,https://pds.lroc.im-ldi.com/data/LRO-L-LROC-5-RDR-V1.0/LROLRC_2001/DATA/SDP/NAC_DTM/TYCHOPK/NAC_DTM_TYCHOPK.TIF,https://pds.lroc.im-ldi.com/data/LRO-L-LROC-5-RDR-V1.0/LROLRC_2001/DATA/SDP/NAC_DTM/TYCHOPK/NAC_DTM_TYCHOPK.LBL,1093.3,True,False,2.0,1003.0,good,2.38,0.535
Tycho 7,-11.4653,-42.8468,Impact Melt,TYCHOPK,https://pds.lroc.im-ldi.com/data/LRO-L-LROC-5-RDR-V1.0/LROLRC_2001/DATA/SDP/NAC_DTM/TYCHOPK/NAC_DTM_TYCHOPK.TIF,https://pds.lroc.im-ldi.com/data/LRO-L-LROC-5-RDR-V1.0/LROLRC_2001/DATA/SDP/NAC_DTM/TYCHOPK/NAC_DTM_TYCHOPK.LBL,1093.3,True,False,2.0,1003.0,good,2.38,0.535
Tycho 8,-11.2259,-42.7882,Impact Melt,TYCHOPK,https://pds.lroc.im-ldi.com/data/LRO-L-LROC-5-RDR-V1.0/LROLRC_2001/DATA/SDP/NAC_DTM/TYCHOPK/NAC_DTM_TYCHOPK.TIF,https://pds.lroc.im-ldi.com/data/LRO-L-LROC-5-RDR-V1.0/LROLRC_2001/DATA/SDP/NAC_DTM/TYCHOPK/NAC_DTM_TYCHOPK.LBL,1093.3,True,False,2.0,1003.0,good,2.38,0.535
Tycho 13,-11.7311,-43.1399,Impact Melt,TYCHOPK02,https://pds.lroc.im-ldi.com/data/LRO-L-LROC-5-RDR-V1.0/LROLRC_2001/DATA/SDP/NAC_DTM/TYCHOPK02/NAC_DTM_TYCHOPK02.TIF,https://pds.lroc.im-ldi.com/data/LRO-L-LROC-5-RDR-V1.0/LROLRC_2001/DATA/SDP/NAC_DTM/TYCHOPK02/NAC_DTM_TYCHOPK02.LBL,206.3,True,False,2.0,189.3,good,1.71,0.268
Tycho 17a,-11.7578,-43.0855,Impact Melt,TYCHOPK02,https://pds.lroc.im-ldi.com/data/LRO-L-LROC-5-RDR-V1.0/LROLRC_2001/DATA/SDP/NAC_DTM/TYCHOPK02/NAC_DTM_TYCHOPK02.TIF,https://pds.lroc.im-ldi.com/data/LRO-L-LROC-5-RDR-V1.0/LROLRC_2001/DATA/SDP/NAC_DTM/TYCHOPK02/NAC_DTM_TYCHOPK02.LBL,206.3,True,False,2.0,189.3,good,1.71,0.268
Tycho 17b,-11.7573,-43.0794,Impact Melt,TYCHOPK02,https://pds.lroc.im-ldi.com/data/LRO-L-LROC-5-RDR-V1.0/LROLRC_2001/DATA/SDP/NAC_DTM/TYCHOPK02/NAC_DTM_TYCHOPK02.TIF,https://pds.lroc.im-ldi.com/data/LRO-L-LROC-5-RDR-V1.0/LROLRC_2001/DATA/SDP/NAC_DTM/TYCHOPK02/NAC_DTM_TYCHOPK02.LBL,206.3,True,False,2.0,189.3,good,1.71,0.268
Tycho 29a,-11.4576,-42.8468,Impact Melt,TYCHOPK03,https://pds.lroc.im-ldi.com/data/LRO-L-LROC-5-RDR-V1.0/LROLRC_2001/DATA/SDP/NAC_DTM/TYCHOPK03/NAC_DTM_TYCHOPK03.TIF,https://pds.lroc.im-ldi.com/data/LRO-L-LROC-5-RDR-V1.0/LROLRC_2001/DATA/SDP/NAC_DTM/TYCHOPK03/NAC_DTM_TYCHOPK03.LBL,155.0,True,False,2.0,142.17,good,1.39,0.268
Tycho 29b,-11.4585,-42.8473,Impact Melt,TYCHOPK03,https://pds.lroc.im-ldi.com/data/LRO-L-LROC-5-RDR-V1.0/LROLRC_2001/DATA/SDP/NAC_DTM/TYCHOPK03/NAC_DTM_TYCHOPK03.TIF,https://pds.lroc.im-ldi.com/data/LRO-L-LROC-5-RDR-V1.0/LROLRC_2001/DATA/SDP/NAC_DTM/TYCHOPK03/NAC_DTM_TYCHOPK03.LBL,155.0,True,False,2.0,142.17,good,1.39,0.268
Tycho 29c,-11.4595,-42.8478,Impact Melt,TYCHOPK03,https://pds.lroc.im-ldi.com/data/LRO-L-LROC-5-RDR-V1.0/LROLRC_2001/DATA/SDP/NAC_DTM/TYCHOPK03/NAC_DTM_TYCHOPK03.TIF,https://pds.lroc.im-ldi.com/data/LRO-L-LROC-5-RDR-V1.0/LROLRC_2001/DATA/SDP/NAC_DTM/TYCHOPK03/NAC_DTM_TYCHOPK03.LBL,155.0,True,False,2.0,142.17,good,1.39,0.268
Tycho 5a,-11.3668,-42.6199,Impact Melt,TYCHOPK03,https://pds.lroc.im-ldi.com/data/LRO-L-LROC-5-RDR-V1.0/LROLRC_2001/DATA/SDP/NAC_DTM/TYCHOPK03/NAC_DTM_TYCHOPK03.TIF,https://pds.lroc.im-ldi.com/data/LRO-L-LROC-5-RDR-V1.0/LROLRC_2001/DATA/SDP/NAC_DTM/TYCHOPK03/NAC_DTM_TYCHOPK03.LBL,155.0,True,False,2.0,142.17,good,1.39,0.268
Tycho 5b,-11.3637,-42.6179,Impact Melt,TYCHOPK03,https://pds.lroc.im-ldi.com/data/LRO-L-LROC-5-RDR-V1.0/LROLRC_2001/DATA/SDP/NAC_DTM/TYCHOPK03/NAC_DTM_TYCHOPK03.TIF,https://pds.lroc.im-ldi.com/data/LRO-L-LROC-5-RDR-V1.0/LROLRC_2001/DATA/SDP/NAC_DTM/TYCHOPK03/NAC_DTM_TYCHOPK03.LBL,155.0,True,False,2.0,142.17,good,1.39,0.268
Tycho 5c,-11.3583,-42.6152,Impact Melt,TYCHOPK03,https://pds.lroc.im-ldi.com/data/LRO-L-LROC-5-RDR-V1.0/LROLRC_2001/DATA/SDP/NAC_DTM/TYCHOPK03/NAC_DTM_TYCHOPK03.TIF,https://pds.lroc.im-ldi.com/data/LRO-L-LROC-5-RDR-V1.0/LROLRC_2001/DATA/SDP/NAC_DTM/TYCHOPK03/NAC_DTM_TYCHOPK03.LBL,155.0,True,False,2.0,142.17,good,1.39,0.268
Tycho 5d,-11.3517,-42.612,Impact Melt,TYCHOPK03,https://pds.lroc.im-ldi.com/data/LRO-L-LROC-5-RDR-V1.0/LROLRC_2001/DATA/SDP/NAC_DTM/TYCHOPK03/NAC_DTM_TYCHOPK03.TIF,https://pds.lroc.im-ldi.com/data/LRO-L-LROC-5-RDR-V1.0/LROLRC_2001/DATA/SDP/NAC_DTM/TYCHOPK03/NAC_DTM_TYCHOPK03.LBL,155.0,True,False,2.0,142.17,good,1.39,0.268
Tycho 5e,-11.3628,-42.6218,Impact Melt,TYCHOPK03,https://pds.lroc.im-ldi.com/data/LRO-L-LROC-5-RDR-V1.0/LROLRC_2001/DATA/SDP/NAC_DTM/TYCHOPK03/NAC_DTM_TYCHOPK03.TIF,https://pds.lroc.im-ldi.com/data/LRO-L-LROC-5-RDR-V1.0/LROLRC_2001/DATA/SDP/NAC_DTM/TYCHOPK03/NAC_DTM_TYCHOPK03.LBL,155.0,True,False,2.0,142.17,good,1.39,0.268
Tycho 7,-11.4653,-42.8468,Impact Melt,TYCHOPK03,https://pds.lroc.im-ldi.com/data/LRO-L-LROC-5-RDR-V1.0/LROLRC_2001/DATA/SDP/NAC_DTM/TYCHOPK03/NAC_DTM_TYCHOPK03.TIF,https://pds.lroc.im-ldi.com/data/LRO-L-LROC-5-RDR-V1.0/LROLRC_2001/DATA/SDP/NAC_DTM/TYCHOPK03/NAC_DTM_TYCHOPK03.LBL,155.0,True,False,2.0,142.17,good,1.39,0.268
Tycho 14,-10.9282,-43.1467,Impact Melt,TYCHOPK04,https://pds.lroc.im-ldi.com/data/LRO-L-LROC-5-RDR-V1.0/LROLRC_2001/DATA/SDP/NAC_DTM/TYCHOPK04/NAC_DTM_TYCHOPK04.TIF,https://pds.lroc.im-ldi.com/data/LRO-L-LROC-5-RDR-V1.0/LROLRC_2001/DATA/SDP/NAC_DTM/TYCHOPK04/NAC_DTM_TYCHOPK04.LBL,159.3,True,False,2.0,146.17,good,1.52,0.268
Tycho 8,-11.2259,-42.7882,Impact Melt,TYCHOPK07,https://pds.lroc.im-ldi.com/data/LRO-L-LROC-5-RDR-V1.0/LROLRC_2001/DATA/SDP/NAC_DTM/TYCHOPK07/NAC_DTM_TYCHOPK07.TIF,https://pds.lroc.im-ldi.com/data/LRO-L-LROC-5-RDR-V1.0/LROLRC_2001/DATA/SDP/NAC_DTM/TYCHOPK07/NAC_DTM_TYCHOPK07.LBL,262.6,True,False,2.0,240.89,good,2.38,0.268
