DTM_NAME,n_craters,median_d_km,cov_sqkm,crater_per_km2
NEWCRATER12,89,0.8747684979132262,29.04,3.0647382920110195
VIRTANEN,283,0.9908815367361252,374.53,0.7556137025071423
ALPHONSUS1,120,0.6597226435945766,284.51,0.42177779339917754
ARISTARCHU4,47,0.6372559062082679,116.45,0.403606698153714
HPONDS6,55,0.8370989847438735,146.57,0.37524732209865597
HPONDS2,58,0.9975300178297162,156.67,0.3702048892576754
JEANSU,53,0.7176621967965561,145.67,0.3638360678245349
MOZARTW,252,0.7200190367006012,712.29,0.3537884850271659
NEWCRATER1,54,0.7543469377164469,160.59,0.3362600410984495
PITISCUSW02,57,0.8810559775344871,174.55,0.32655399598968776
PITISCUSW03,64,0.954216867746437,197.93,0.323346637700197
HPONDS22,286,0.9436694504295295,888.22,0.3219922992051519
APENNINE01,283,0.8914253682383271,891.76,0.3173499596303938
FRSHCRATER13,45,0.8448435686810211,143.62,0.31332683470268763
HPONDS1,50,0.9003252314339358,160.0,0.3125
LACUSMORT03,229,0.7540281961433989,736.75,0.3108245673566339
FEOKTISTOV,60,0.9479156839999697,194.04,0.30921459492888065
GRIMALDI01,38,0.7515151835327727,126.88,0.2994955863808323
SEISMCLAND,38,0.7515151835327727,127.16,0.2988361119849009
HPONDS27,254,0.707970010018861,882.79,0.28772414730570123
NEWCRATER8,154,0.8430946974935021,537.05,0.2867516990969184
HPONDS10,44,0.8100177418129204,154.28,0.2851957479906663
WHALE,145,0.6898991083699584,510.06,0.28428028075128414
ATLAS6,23,1.312969888712152,82.95,0.27727546714888485
RANGER9,36,0.6384247295688756,130.35,0.27617951668584584
HPONDS4,43,1.2241310852641143,155.71,0.27615438957035515
APOLLO16_3,38,0.7380439937444072,138.0,0.2753623188405797
OPNHEIMRSE1,59,0.9463782784319436,214.51,0.27504545242646034
LACUSMORT01,99,0.7922568831831694,362.84,0.2728475361040679
AUSTRVOLC01,45,1.0642069959679124,165.31,0.2722158369124675
PITISCUSW01,47,0.741392417975664,174.26,0.26971192471020317
APENNINE02,185,0.7920080248841112,686.82,0.2693573279753065
BAILYBVENT,174,0.7654434102651376,650.44,0.2675112231720066
APOLLO14,32,0.8249830360524061,120.53,0.2654940678669211
HPONDS11,41,0.8547963774745436,154.71,0.265011957856635
GROVECRTR02,98,0.6953904510364755,377.27,0.2597609139343176
APOLLO16_2,31,0.8780558974790371,120.9,0.2564102564102564
APENNINE06,163,0.8255451600663919,643.45,0.2533219364363975
VIRTANEN1,45,0.983764244105386,178.86,0.2515934250251593
GROVECRTR01,163,0.7246505669367235,649.01,0.2511517542102587
VAPORIMP02,95,0.6501731237451818,378.59,0.25093108639953515
HYGINUS,113,0.6229054132217458,454.76,0.24848271615797343
APENNINE04,123,0.7457084000857545,495.44,0.24826416922331665
LACUSMORT02,243,0.7267806453269664,983.12,0.24717226788184554
VIRTANEN2,48,1.1246408748936607,195.55,0.2454615187931475
ALPHONSUS,165,0.6608610657891344,679.79,0.24272201709351418
HPONDS17,292,0.9464279013998222,1211.87,0.24094993687441724
BOOSTIMPCT1,99,0.659624224958656,420.48,0.23544520547945205
APOLLO16,160,0.8055796127036958,681.1,0.23491410952870356
REINER3,31,0.6081050349942333,134.4,0.2306547619047619
APENNINE03,109,0.7284595536289403,474.09,0.22991415132147905
MAFICMOUND,46,0.9608676459269934,201.37,0.22843521875155187
APENNINE05,120,0.7380320520916043,525.93,0.22816724659175178
HANSTEENAL2,29,0.7961306690565549,128.98,0.224841060629555
GRUITHUISE8,24,0.7500646880496147,106.87,0.22457190979694955
APOLLO16_5,26,0.9634571797348022,115.82,0.22448627180107064
BHABHAE01,43,1.1099332762569896,193.05,0.22274022274022273
ORONTIUS01,52,0.9468144285805942,234.52,0.22172949002217293
MENDELEEV03,122,0.8640383569494057,554.9,0.2198594341322761
HPONDS18,277,0.7949313915750119,1279.47,0.21649589283062518
AUSTRVOLC,167,1.1544481653253382,777.21,0.21487114164768853
APOLLO16_1,28,0.7226514922458522,130.65,0.21431305013394564
BRISBANEZ,32,0.6398177854748428,149.48,0.2140754616002141
HANNOCTR,40,0.8454280779089162,188.47,0.2122353690242479
OPNHEIMRE1,47,0.9196586001398224,221.76,0.21194083694083696
AUSTRVOLC02,69,1.2135058507697571,329.16,0.20962449872402478
HOMMELT01,39,0.6862253092978923,186.88,0.2086900684931507
AUSTRVOLC03,59,1.1401268510336835,282.74,0.20867227841833486
GRUITHUISE6,22,0.726104185697409,105.82,0.2079002079002079
OPENHIMERF,39,0.8431988537134895,187.95,0.20750199521149243
OPENHEIMRNE,65,0.7188257692367257,317.27,0.20487282125634318
APOLLO16_6,25,0.8553770143686092,122.17,0.20463288859785544
BHABHAPLAIN,32,0.8583110387884119,156.89,0.2039645611574989
MICHELSON02,106,0.7540324845470319,526.27,0.20141752332452925
HPONDS16,155,0.8555045428135728,770.17,0.20125426853811498
HPONDS8,32,0.947543847830135,159.12,0.20110608345902464
VIRTANEN3,206,0.9846468853803255,1027.5,0.20048661800486617
RIMPARRY1,85,0.6162010164436227,431.53,0.1969735591963479
APOLLO16_4,25,0.8722742438157699,127.55,0.1960015680125441
HPONDS,2152,0.8621880170455005,11030.99,0.1950867510531693
NECTRIMI3,59,1.1738412510722207,303.04,0.1946937697993664
HORTENSIUS6,26,0.6221029728307648,133.99,0.19404433166654225
MENDELFLW02,52,0.7657300987076688,268.14,0.19392854479003507
DISTEJECT01,66,0.6397915112000913,340.52,0.1938212146129449
OPNHEIMRSE2,42,0.8664938654498873,218.1,0.1925722145804677
HPONDS26,183,0.9954432171481852,953.7,0.1918842403271469
CMPLXSCRP,205,0.7575842674133066,1068.52,0.19185415340845283
MENELAUS,127,0.6879516840128345,662.87,0.19159111137930515
CRISHORSE02,27,0.6900206751555548,141.61,0.19066450109455546
HPONDS20,145,0.9249817424785024,761.8,0.19033867156734052
MRECRISIUM1,27,0.6900206751555548,141.9,0.19027484143763213
INGHIRAMI01,47,0.7175451298637798,247.1,0.19020639417239985
MENDELFLW,79,0.7534135418549383,417.13,0.189389398988325
FRSHCRATER4,22,0.9569487053562888,116.68,0.1885498800137127
VAPORIMP01,103,0.6786462954298109,548.23,0.18787735074694928
MRINGENII3,44,0.7373408406823095,234.28,0.187809458767287
NASSAU01,84,1.2147428818356834,447.97,0.18751255664441815
HPONDS9,30,1.229205484771623,160.07,0.18741800462297745
HPONDS7,29,0.926524741245724,155.6,0.18637532133676094
MENDELEEV,347,0.81658810180026,1865.33,0.18602606509303984
OLCOTTMELT,125,1.0273862769433135,673.04,0.18572447402828957
MCNALLYFLW1,105,0.6598260145172994,568.22,0.18478758227447115
BIRKEJECT02,55,0.7475693853532864,298.95,0.1839772537213581
MENDELEEV04,77,0.7603688832595171,419.42,0.18358685804205807
HARDINGH,25,0.6106640052574069,136.85,0.18268176835951772
MENDELFLW01,30,0.6868208416808996,165.7,0.18105009052504528
RIMPARRY2,89,0.6328502376935113,492.15,0.18083917504825767
GRUITHUIS13,25,0.7838732693417231,138.27,0.18080567006581325
GRTHSENNW,25,0.7838732693417231,138.56,0.1804272517321016
HPONDS12,27,1.2175542719548895,149.79,0.18025235329461248
NASSAU02,16,0.8409916481653172,88.78,0.18022077044379364
GRUITHUIS12,16,0.6113157503732487,89.34,0.17909111260353705
POLYBIUSK01,42,0.7805196412553272,235.23,0.17854865450835353
RUMKERDOME1,24,0.9217217647090592,134.68,0.1782001782001782
MENDELEEV01,76,0.7706401885672671,428.14,0.17751202877563416
HIGHESTPOIN,29,0.8126366668947544,163.91,0.17692636202794218
HPONDS15,216,1.0115803310006821,1230.46,0.17554410545649593
IMPACTMELT3,37,0.6095399730299538,212.48,0.1741340361445783
HEVLIUSFLW1,27,0.6648642499987789,155.12,0.1740587931923672
HPONDS14,218,0.9160745204126188,1253.36,0.1739324695219251
MENDELEEV02,109,0.8301348280377271,630.68,0.17282932707553753
GAUSSW,136,0.8224978060683412,787.54,0.1726896411610839
BIRKEJECT,93,0.841984235553193,542.12,0.17154873459750608
HORTENSIUS3,19,0.5976033926621033,111.11,0.17100171001710018
THEOPHILUS1,37,0.5846900117986018,216.41,0.17097176655422577
GEMIMP1,125,0.7233588831783083,733.61,0.17039026185575443
HORTENSIUS2,21,0.5813699133930904,123.48,0.17006802721088435
TMAYERDOME1,102,0.7171391753569016,600.96,0.16972843450479233
ATLAS1,21,1.1512545786391184,124.02,0.16932752781809385
BARRINGERZ2,48,0.7519063146866503,284.18,0.16890703075515517
ALPHONSUS2,83,0.6386133258612526,493.77,0.16809445693339004
HORTSCONE01,112,0.7555168948611455,666.8,0.16796640671865629
HENDERSON,113,0.8373246865062774,674.46,0.1675414405598553
COMPTONW,165,0.7332837254550016,992.95,0.166171509139433
GRUITHUISE9,17,0.8784336954071011,102.91,0.16519288698863085
OPNHEIMRE,70,0.9573419074904825,429.88,0.16283614031822835
GEIGER01,22,0.8894481133849153,136.52,0.16114854966305303
HRTZSPRNG01,90,0.6679474202500182,558.63,0.16110842597067826
BOBONEFLW1,91,0.7440302615034401,564.94,0.1610790526427585
GRUITHUIS16,187,0.7375736227785005,1165.93,0.16038698721192524
SPARIM1,29,0.6910444689076908,181.67,0.15963009853030222
NASSAU03,117,1.2855694187823334,735.94,0.15898035165910263
ARISTARCHU2,19,0.8791454539602989,120.61,0.15753254290688998
HPONDS3,25,0.6908579537184086,158.97,0.1572623765490344
HANSTEENAL,108,0.7844710040096465,693.06,0.1558306640117739
HSCARP6,27,0.752970018008295,173.4,0.15570934256055363
HANSTEENAL3,77,0.7961306690565549,494.59,0.15568450635880224
JANSENU01,94,0.5996301906686474,605.23,0.15531285626951738
ORIENTALE4,115,0.6571096229850875,741.16,0.15516217820713477
HUBBLEC01,88,1.2131352137524511,567.53,0.1550578824026924
CMPTNCRTR,24,0.866881132422892,155.14,0.15469898156503806
INACALDERA3,18,0.5923542457638131,116.94,0.1539250897896357
HELLCRTR,40,0.6850207907927643,260.62,0.15348016268897244
HELMET1,52,0.6837580387704058,339.3,0.1532567049808429
RUMKERDOME7,20,0.7800825959515068,130.55,0.15319800842589046
CRISMMELT01,94,0.6637608234800249,615.58,0.1527015172682673
REINER_2M,57,0.6003872823309359,377.46,0.15100937847718965
CHAPPELLT,189,1.113422153318703,1253.51,0.15077661925313718
BROUWERFLW1,43,0.7725869575387146,285.25,0.15074496056091147
BIRKEJECT01,40,1.047032571866087,266.61,0.15003188177487714
ORIENTALE1,20,0.63891589287707,133.54,0.14976785981728322
GAUSSB01,131,0.8446751816756994,876.46,0.14946489286447756
MOROZOVE,111,0.8585075593385046,745.98,0.14879755489423308
AESTUUM1,91,0.7740040874122471,611.77,0.14874871275152426
RANGER,19,0.639201063566881,127.89,0.14856517319571508
RUMKERDOME8,83,0.6590733767727789,562.31,0.1476054133840764
HESIODUS,50,0.7620421356986683,340.04,0.14704152452652627
INGHIRAMI02,22,0.7220993395652706,149.96,0.14670578821018937
REINER7,102,0.614734554090735,700.17,0.14567890655126614
BIRTVENT,51,0.7789858521143387,350.49,0.14551057091500472
DOLLANDB,58,0.9695219102553261,399.4,0.14521782674011016
ARAGO2_2,67,0.5918593002984133,462.75,0.14478660183684494
TRANQPIT1,18,0.5881179689977452,124.72,0.14432328415651058
CRISHORSE,39,0.6610987173092361,270.48,0.14418811002661933
HPONDS21,127,0.8808210150255,882.14,0.14396807762940123
ARISTARCH12,99,0.6829227261322964,688.22,0.14384935049838715
HSCARP3,26,0.6681987776984304,180.77,0.14382917519499916
MNDLSHTMTY,116,0.9790441381843307,809.52,0.14329479197549166
THEOPHILUS3,49,0.6797811539674038,342.2,0.14319111630625367
HPONDS23,160,0.8186060225268873,1118.36,0.14306663328445224
COPERNSEC01,77,0.989928646169034,539.4,0.14275120504263997
INACALDERA2,107,0.7501721303211862,755.81,0.1415699712890806
RUMKERDOME3,16,0.8286235882836546,113.05,0.14153029632905795
HLNDPHOTOM1,97,0.9322454260740916,685.86,0.14142827982387077
VITELLO2,46,0.8388201427533595,325.89,0.14115192242781308
SPARIM4,30,0.8710999667479304,213.83,0.14029836786232053
INACALDERA,136,0.6988762038642233,970.31,0.14016139172017192
NEWCRATER9,51,0.6278561348523637,364.18,0.14004063924432972
HPONDS24,138,0.8359453343841392,985.45,0.1400375462986453
SPARIM,80,0.8848195181460741,573.12,0.13958682300390843
INGHIRAMINW,34,0.7768314016483078,243.63,0.13955588392234125
NECTRIMII2,47,0.897592077179679,337.81,0.13913146443266924
ORIENTFLOW1,115,0.8264132509134451,827.99,0.13889056631118732
GRUITHUIS11,17,0.7284980148201348,122.49,0.13878683974201977
VAPORDOME01,115,0.700640867439241,835.57,0.13763059947101977
HORTENSIUS1,89,0.633434070170531,649.16,0.1371002526341734
INACALDER2M,30,0.6208641725145169,218.9,0.13704888076747374
NEWCRATER2,31,1.035401912087135,226.9,0.1366240634640811
KOROLEVM01,60,0.6519266673807651,441.03,0.1360451669954425
ARISTPLAT1,18,0.6417296535094306,132.82,0.1355217587712694
ARISTARCHU3,16,0.7368324858624065,118.18,0.13538669825689625
FOWLERSCRP,28,0.8996377217900832,207.02,0.13525263259588444
AUSTRDARK02,44,1.204353780909133,326.08,0.1349362119725221
SPAWRINKLE1,34,0.6336180775698187,252.41,0.13470147775444713
REINER4,19,0.5807062599012406,141.07,0.13468490820160206
MAREMELT1,69,0.5671151646258025,515.43,0.13386880856760375
GRUITHMARE3,48,0.7562482481019361,359.19,0.13363400985550822
HLNDPHOTOM,130,0.9066146650391949,974.14,0.13345104399778265
SPARIM3,29,0.945374461634841,217.55,0.13330268903700299
KARRER1,21,0.7427547682965694,157.68,0.13318112633181126
FRSHCRATER16,85,0.7332706791153809,638.97,0.13302658966774653
MONSESAM2,91,0.5868484613853145,684.18,0.1330059341109065
CRISHORSE01,21,0.5997464892522607,158.38,0.13259249905291073
VSCHROTERI2,63,0.6930863137637157,477.44,0.13195375335120643
ROSSELAND1,34,0.8610581670157853,257.74,0.1319158842244122
OCNSPRCLRM3,97,0.6755834571311553,737.12,0.13159322769698284
VSCHROTERI,112,0.6601948668584112,851.72,0.13149861456816794
LUNA20_2,17,1.0001572773510294,129.96,0.13080947983995075
OPNHEIMRE2,29,0.9603377871092846,221.76,0.1307720057720058
CRISMMELT02,63,0.681079549424864,481.82,0.13075422356896765
HPONDS13,103,0.8832907243076683,787.75,0.13075214217708664
INGHIRAMI03,15,1.018312638177073,115.43,0.1299488867712033
BARRINGERZ1,24,0.6774096194372127,185.1,0.12965964343598055
RUMKERDOME9,73,0.6993751030035926,563.17,0.12962338192730438
SPARIM2,21,1.44646528466983,162.58,0.12916717923483823
GRUITHUI_2M,153,0.7579052436119199,1186.03,0.1290017959073548
LASELMASIF5,44,0.6577689909882435,341.79,0.12873401796424705
MAUROLYCS,30,0.6957986460694843,233.1,0.1287001287001287
ENDYMION,15,0.6485284775963929,117.34,0.12783364581557866
NUBIUMIMP01,31,0.9986451690932736,243.11,0.12751429394101435
HLNDPHOTOM2,91,0.9053142635580091,713.65,0.12751348700343307
PETAVIUSB,52,0.7077914298158825,408.18,0.12739477681415062
APOLLO17_1,16,0.5794116378335147,125.76,0.1272264631043257
SHARPRIDGE,81,0.6883099857043469,638.79,0.12680223547644767
PITVENT,124,0.8146067280852102,983.83,0.1260380350263765
RUMKERDOM11,75,0.6808024068957061,595.74,0.1258938463087924
HANSTEENAL1,16,0.7436217136017639,127.1,0.12588512981904013
ANDERSON01,10,0.7270888965471278,79.46,0.12584948401711554
CRISMMELT,138,0.6637608234800249,1097.4,0.12575177692728265
ISISOSIRIS,112,0.6279187566309973,891.03,0.12569722680493361
CHAPLYGIN3,68,0.720461455127514,541.14,0.12566064234763646
NRTHCRISM01,81,0.6316106531252733,646.79,0.1252338471528626
NECTRIMI,102,1.220959634029454,819.12,0.12452387928508643
GRUITHUIS14,54,0.7355238071856127,434.76,0.12420645873585427
MONSESAM,155,0.609124441575323,1254.93,0.12351286525941685
FRSHCRATER21,41,1.070078108983962,333.0,0.12312312312312312
SWFECUNPIT1,55,0.6927243909001513,448.69,0.12257906349595489
THEOPHILUS,68,0.6715356111843307,554.98,0.12252693790767234
RUMKERDOME5,16,0.7127184740028918,130.91,0.12222137346268429
PITISCUS,16,0.7658003120399132,131.09,0.12205355099549928
CLEOMEDES01,68,0.6912555681053311,557.63,0.12194465864462099
ARISTARCH14,63,0.6959200813319161,517.79,0.1216709476814925
AESTUUM2,73,0.8013173544569632,600.67,0.12153095709790734
LAMONTIMP1,63,0.5971068995232213,520.34,0.12107468193873236
GRUITHUISE7,17,0.7394460385778092,140.89,0.12066150897863583
REINER1,88,0.5813726831070584,729.36,0.12065372381265767
VINGHIRAM01,25,0.9058463291345292,207.62,0.12041229168673538
TSINGER01,91,0.7592111859115329,758.25,0.12001318826244642
NECTRIMII,110,1.038648242583974,918.59,0.11974874535973612
MRECRISIUM2,17,0.6411776077204568,142.19,0.11955833743582531
NECTRIMI1,44,1.142915185375649,369.84,0.11897036556348692
JENNER,27,0.6981699869069066,227.12,0.11887988728425501
FRESH1,22,0.9790755241313103,185.22,0.11877766979807797
NECTRIMII3,35,1.158814877949789,295.52,0.11843530048727667
MRINGENII6,37,0.5876794316012568,312.74,0.11830913858156936
HORTENSIUS5,15,0.6352190612987141,127.1,0.11801730920535013
FECUNDITATIS,14,0.6562905331281388,118.95,0.11769651113913408
HPONDS19,86,0.6956909483086382,732.45,0.11741415796300088
ARISTARCHU5,15,0.6936884595123252,128.12,0.11707773961910709
MTMARILYN03,35,1.093024016687813,301.11,0.1162365912789346
BUFFON2,29,0.6706995042512691,250.49,0.11577308475388239
NEWCRATER10,111,0.8911375077269593,961.43,0.1154530231010058
ATLASVENT2,64,0.9011333345268457,554.58,0.11540264704821666
HSCARP2,22,0.7043964045723077,190.67,0.11538259820632507
RUMKERDOME2,15,0.6913134267543029,130.18,0.11522507297587954
MRINGENII,80,0.7073355156053667,695.1,0.11509135376204863
WOLFCTR01,26,1.1485333441668337,226.38,0.11485113525929852
FECNDITATS3,14,0.5406512305960891,121.91,0.11483881551964564
SEPTIMPACT,60,0.8368669251207761,523.74,0.11456065986940085
HSCARP1,22,0.6540163632556295,193.04,0.11396601740571903
MARENUBIUM,45,0.7600682241202257,396.48,0.11349878934624696
REINER5,84,0.5804759932883694,745.51,0.11267454494238843
FRSHCRATER5,15,0.7211992039649648,133.62,0.11225864391558149
FRSHCRATER14,31,0.8313461675548941,276.39,0.11216035312420855
GRUITHUIS17,130,0.698335642590439,1159.17,0.11214921021075423
PRINZVENT,97,0.6798040294035218,867.45,0.1118220070321056
GRUITHUIS18,127,0.7106032195443966,1138.97,0.1115042538433848
DALEMBERT,19,0.810524559084089,171.72,0.11064523643139995
REINERPHOT,65,0.5864775039233648,587.74,0.1105931194065403
GRUITHUISE5,15,0.7905121060847943,135.69,0.11054609772275038
REINER2,13,0.6003872823309359,118.1,0.1100762066045724
GRUITHUIS15,51,0.7150212846686685,464.67,0.10975531022015624
LUNA20,20,0.9938062793797725,182.8,0.10940919037199125
GARDNER01,48,0.6727975972782381,441.18,0.10879912960696314
CHANGE4,24,0.6716569130132201,222.36,0.10793308148947652
APOLLO17_9,61,0.6647010815478421,565.9,0.10779289627142605
HPONDS25,102,0.9802751451393643,947.23,0.10768240026181602
MONSESAM1,75,0.6412133634319668,700.17,0.10711684305240157
FRAUNHOFRE,19,0.9881488581126382,178.19,0.1066277568887143
NECTRIMII1,45,1.1378351067899737,422.72,0.10645344436033308
INACALDERA1,12,0.8817026946689093,113.11,0.10609141543630095
ATLASVENT1,107,0.8486244520164512,1009.23,0.10602142227242552
ATLASVENT,237,0.9042975219216464,2236.09,0.10598857827726074
RUMKERDOM12,127,0.7296352299299975,1201.81,0.10567394180444496
HAHNCRATER,123,0.7328588258046177,1164.11,0.10566011803008307
KARRER3,25,1.0611962043961372,237.92,0.1050773369199731
SULPICIUS1,13,0.7792430672470609,123.77,0.10503352993455603
REINER,315,0.5952807591495625,3000.16,0.10499440029865074
ARAGO2_1,64,0.601721595001381,610.12,0.10489739723333115
NEWCRATER13,11,1.2470166977300627,104.88,0.10488176964149505
SNASCONE01,65,0.6334308208563411,623.4,0.1042669233237087
SULPICIUS,31,0.7166200920498935,298.73,0.10377263749874469
BUFFON1,23,0.6706995042512691,221.86,0.10366898043811412
RIMSCHRODGR,103,0.7027164004320172,993.65,0.10365822975896946
CHAPLYGIN2,18,1.1041948606032064,174.19,0.10333543831448419
PSDONIUSY01,84,0.6301990897767336,816.48,0.102880658436214
PARACELSUSC,41,0.8951445028022509,398.86,0.10279295993581708
HIPPALUS01,22,0.5974510998547287,214.65,0.1024924295364547
HAHNCRATER1,78,0.727833343711835,762.45,0.10230179028132992
KARRER2,24,0.8173550044434007,235.22,0.10203214012413911
AESTUUM,88,0.8322960411857991,862.91,0.10198050781657415
MTMARILYN01,35,1.0086365844039258,343.33,0.10194273730812921
A15SIVB,55,0.5376636606530196,541.11,0.10164291918463898
KUGLERRIDGE,16,0.7640960439390776,157.47,0.10160665523591796
HAHNCRATER2,66,0.743689715233099,649.87,0.10155877329312016
ATLASVENT3,78,1.0677008777833672,768.06,0.10155456604952738
RUMKERDOME4,12,0.6769980623217811,118.8,0.10101010101010101
MOSCOVNSE2,123,0.7332200877829583,1222.52,0.10061185093086412
KARRER,50,0.8515027410127709,498.7,0.10026067776218167
APOLLO17_5,12,0.5859421095939181,119.89,0.10009175077154057
A17SIVB,14,0.5891267911162796,140.94,0.09933304952462041
GRUITHUIS10,11,0.722476427540144,110.96,0.0991348233597693
OBLIVIONIS1,45,0.7202917316931821,454.12,0.09909275081476261
VINGHIRAM03,22,0.923256394207004,223.25,0.09854423292273236
CRISHORSE03,41,0.636170348380227,416.57,0.09842283409751063
BUFFON,62,0.6604225871281156,631.14,0.09823493994993188
LUNA20_1,12,0.7349825136462875,122.45,0.09799918334013882
CHAPLYGIN1,38,0.8398784781222021,388.28,0.09786751828577316
MTMARILYN02,48,0.6579140989755956,491.71,0.0976185149783409
MRINGENII2,16,1.0425514022809204,164.42,0.09731176255929937
GASSENDI01,32,0.7878552871706375,330.16,0.0969227041434456
MOSCOVNSE1,21,0.6447477580669452,218.5,0.09610983981693363
NEWCRATER3,60,0.6610693634749032,624.7,0.09604610212902193
LASELMASIF6,47,0.5795213905572815,491.87,0.09555370321426393
CHAPLYGIN,46,0.8499954944526373,483.69,0.0951022349025202
VINGHIRAM02,28,0.7633917200894926,294.79,0.09498286916109773
VITELLO,33,0.6286459044119989,349.53,0.09441249678139216
ATLAS3,16,1.1273345061826658,169.63,0.09432293815952367
LASELMASIF4,33,0.948934371783128,349.89,0.09431535625482294
TOBIASW,54,0.6535806950257553,573.13,0.09421946155322528
LASELMASIF,175,0.6389490286881091,1864.64,0.09385189634460271
LASELMASIF7,46,0.6338925398401232,494.31,0.09305901155145556
AITKEN01,50,0.8437698292091139,537.43,0.09303537204845283
POSIDONIUS,100,0.7922777635725107,1075.0,0.09302325581395349
HORTENSIUS7,12,1.281228117152502,129.2,0.09287925696594428
LADEE2,64,0.8747185847681196,689.51,0.09281953851285696
FIRSOVSWRL,48,0.9583991405104819,517.36,0.0927787227462502
GIORDNBRNO8,55,0.705309121046625,595.02,0.09243386776915062
MASKELYNE,55,0.6526764069383038,595.67,0.09233300317289775
JACKSONPK01,80,0.7962341326284603,866.95,0.09227752465540111
IRIDIUMPIT1,74,0.6139466847712454,809.9,0.09136930485245093
JHERSRDGE01,106,0.6755073988360333,1160.8,0.09131633356305996
LORENTZU01,70,0.9871302365962068,766.78,0.09129085265656381
VINGHIRAMI,41,1.035547252740995,450.13,0.09108479772510164
HORTSVOLC01,38,0.6765747763479508,419.07,0.09067697520700599
HSCARP,75,0.6960598723519127,834.3,0.08989572096368213
FRSHCRATER20,48,0.7898718070326394,535.26,0.08967604528640287
CRISHORSE04,40,0.6543301534811174,451.62,0.08857003675656526
BUFFON3,25,0.6025718406006042,283.66,0.088133681167595
MRINGENII5,31,0.5911300504152448,352.18,0.08802316996990175
GRUITHUISE3,10,0.6942659219895015,114.48,0.08735150244584207
MARCH17,66,0.6906896986778499,757.98,0.0870735375603578
GRUITHUISE2,9,1.0477248312385703,103.56,0.08690614136732329
KOVALSKIY,34,1.0381536310563628,391.98,0.0867391193428236
AUSTRDARK01,13,0.9520017944325844,149.89,0.08673026886383349
MARIUS10,11,0.7145646935469395,127.94,0.08597780209473191
TRNQUILRDGE,59,0.5825586989626347,688.61,0.08567984780935507
GODDARDA01,79,0.675617668440386,926.96,0.08522482091999654
BOLYAI,25,1.2590945514036436,294.05,0.08501955449753443
THEOPHILUS4,19,0.667582066422343,224.35,0.08468910184978828
APOLLO17_7,57,0.7560793442669516,675.82,0.08434198455209967
MERSENIUS1,13,1.5379041864562235,154.28,0.08426238008815141
WEIRDCRTR,17,1.3306361092500556,203.69,0.08346016004713044
APOLLO17_11,35,0.6846404812005283,419.46,0.08344061412291995
THEOPHILUS5,19,0.6428195042901418,227.87,0.08338087506034142
SOSIGENES01,53,0.6420424205224196,637.0,0.08320251177394035
ROSSELAND2,21,1.9487037147253965,253.13,0.08296132422075614
ATLAS5,10,1.1190250682596419,121.34,0.08241305422778968
MTMARILYN,78,0.7342266653343923,966.78,0.08068019611493825
AUSTRDARK03,23,1.192483825042207,286.45,0.08029324489439693
ORIENTLVNT,44,1.0696802112403865,551.14,0.07983452480313533
ORIENTLVNT2,23,0.9939956100308556,288.42,0.07974481658692184
CHAUCERP02,40,1.242205623481515,502.57,0.07959090275981455
LASSELLH,31,0.5739674157743736,390.26,0.0794342233382873
THEOPHILUS2,26,0.7806993769884476,328.64,0.07911392405063292
SCHLUTER01,44,0.6982623797295113,558.44,0.07879091755604899
GODDARDA,85,0.6968029256381238,1091.22,0.07789446674364472
LUNOKHOD2_1,55,0.6434723664410437,707.5,0.07773851590106007
HSCARP4,11,0.745272254394196,142.67,0.07710100231303008
FRESH3,15,0.928139012920948,195.52,0.07671849427168576
MRINGENII1,9,0.6686742678092892,117.8,0.07640067911714771
ORIENTLVNT1,21,1.154281615335433,275.04,0.07635253054101221
LASELMASIF2,9,1.0885027675319183,118.8,0.07575757575757576
REINER8,45,0.6040809589025357,596.0,0.07550335570469799
AUSTRDARK,52,1.113699143892188,690.28,0.07533174943501188
NECTRIMI2,24,1.4516958807759266,319.06,0.07522096157462546
TSILKVSKIY2,32,0.5916596416222832,426.45,0.07503810528784148
FRSHCRATER18,24,0.8091226676442491,320.97,0.07477334330311243
RUMKERDOME,420,0.6904977953102945,5647.56,0.07436839980451734
EULERCTR,49,0.650121215792242,660.75,0.07415815361331819
APOLLO17,178,0.7125245744759231,2415.54,0.07368952697947458
HANSENSCRP,46,0.7412344045796602,626.13,0.07346717135419162
LASELMASIF3,29,0.9392144078035848,395.0,0.07341772151898734
FRSHCRATER15,47,0.6417112350043217,641.31,0.07328748966958258
ROSSECRTR1,26,0.6824999961981948,357.66,0.07269473801934798
LADEE1,48,0.791618114167054,662.1,0.07249660172179428
KEPLERVENT1,29,0.6574594557317175,401.95,0.07214827714889911
TMAYERIMP,55,0.6267406895154201,763.43,0.07204327836212882
ORIENTIRR2,31,0.8500883938656543,431.74,0.07180247371102978
ATLAS2,10,1.230169192648758,139.34,0.07176690110521028
MARIUSDOME2,44,0.6470212762817851,614.97,0.07154820560352537
ATLAS4,10,1.2831242728236436,139.79,0.07153587524143358
LUNOKHOD2_2,50,0.6349008571495379,704.04,0.07101869211976593
REINER6,46,0.5911762204550199,649.71,0.0708008188268612
CARRELIMP01,34,0.6148205755411513,483.4,0.0703351261894911
FRSHCRATER10,8,1.0099056621960034,114.19,0.07005867413959191
NERNSTT01,44,0.8911048006749265,629.23,0.06992673585175532
RUMKERDOM13,84,0.634198315983616,1205.89,0.06965809485110581
LUNOKHOD2,64,0.6349008571495379,918.82,0.06965455693171677
EIMMARTA,32,0.9521284847696099,467.19,0.06849461675121471
IMPACTMELT1,9,0.9901072371987168,131.5,0.06844106463878327
ORIENTALE3,13,0.7485359670323274,192.4,0.06756756756756757
ROSSECRTR,42,0.6824999961981948,625.46,0.06715057717519905
APOLLO17_8,45,0.6844466766099311,671.89,0.06697524892467517
A12LMAS,38,0.7090094022244258,567.79,0.06692615227460857
KEPLRCONE01,43,0.5673298119634936,644.17,0.06675256531660897
COPRNEJCT01,42,0.9372368035775042,630.07,0.06665926008221308
GLUSHKO2,50,0.7747033918478603,751.58,0.06652651746986349
CAUCHY,48,0.5923735680960949,729.75,0.065775950668037
NEWCRATER7,27,0.571872942852191,410.93,0.06570462122502616
ATLAS,47,1.1530365625299912,715.33,0.06570394083849412
CRISMNERIM1,37,1.2152170902464974,567.24,0.06522812213525139
LASELMASIF1,8,1.3267056853061594,123.0,0.06504065040650407
ERATOSTHNS1,52,0.6747439182517121,802.1,0.06482982171799027
APOLLO17_2M,43,0.6232183311686974,667.3,0.06443878315600181
LICHTENBER3,8,0.7515168550992753,124.49,0.0642621897341152
CHAUCERP,67,1.1340161532117607,1056.8,0.06339894019682059
LARMORQ5,69,0.9263528052358222,1089.9,0.063308560418387
SULPICIUS3,8,0.6366363594691681,126.37,0.06330616443776213
MANILUS,39,0.6580100184822564,616.75,0.06323469801378193
TYCHOPK01,10,0.9690418216428804,159.14,0.06283775292195552
PRCLRMPIT01,48,0.6634689027738481,771.23,0.062238242806944746
SCHLUTER,27,0.7690859371534908,434.85,0.06209037599172128
PLATOT,71,0.6607596026479076,1146.44,0.06193084679529674
SLIPHER1,10,0.7913479345204926,162.15,0.061671292013567684
SULPICIUS2,10,0.7337306460743787,162.58,0.0615081805880182
APOLLO11,7,0.5305370654696255,114.61,0.06107669487828287
LARMORQ,121,0.9795662385678968,2001.89,0.060442881477004225
FECNDITATS2,40,0.5924544762431261,663.69,0.06026910153836881
PLANCKFLOOR,13,1.0937333896507335,217.24,0.05984164978825262
FECUNPIT,40,0.5924544762431261,669.29,0.059764825412003765
LIEBIGJ1,22,0.6452008105109277,368.7,0.059669107675617034
AESTUUM3,19,0.843699015426901,320.6,0.05926388022457891
EULERCONES,45,0.779046877171599,760.78,0.05914981992165935
CRSIUMHLLS1,54,0.6023848963297396,915.68,0.05897256683557575
MRINGENII4,14,0.609531392362109,238.44,0.05871498070793491
LAPLACEA,77,0.6484673854400422,1313.05,0.05864209283728723
LUNA24,8,0.5549751023221389,136.87,0.05844962373054723
ROSSECRTR2,17,0.6763684642051147,293.89,0.057844771853414544
LOBACHVSKY,52,0.8336740624442218,903.64,0.05754504006020097
RIPHDARNEY1,15,0.5877339396592225,260.73,0.05753077896674721
APOLLO15,7,0.6890736628034448,122.96,0.05692908262849707
APOLLO17_10,25,0.6866394359547774,444.21,0.05627968753517481
LICHTENBER10,7,0.5974638343058708,125.06,0.055973132896209817
FRSHCRATER8,11,0.9243198655733248,197.73,0.055631416578162146
MONSHADLEY1,18,0.6714082937166881,324.35,0.055495606597811005
APOLLO15_2,35,0.9708890413260042,633.59,0.05524077084549945
MARIUSCONE1,21,0.6779366945991179,380.22,0.05523118194729367
COPRNEJCT,57,0.9053532501793474,1042.44,0.05467940600897893
TYCHOPK05,6,1.4044413136094844,110.23,0.05443164292842239
GRUITHMARE2,61,0.7277781928605908,1128.15,0.05407082391525949
HERODOTUSA,35,0.6054875944896427,647.4,0.05406240345999382
CHANGE3,60,0.6368621644234427,1113.49,0.053884633000745405
MNDLSHTMLS,10,0.8275488635095392,186.44,0.053636558678395195
NECHO2,32,0.8256130997150439,602.09,0.05314820043515089
LARMORQ4,56,1.3151312195766462,1057.43,0.05295858827534683
ALDROVANDI2,24,0.5992807916731521,454.19,0.05284132191373654
MARIUSVOLC1,7,0.58989758108704,133.29,0.05251706804711532
WIENERF,10,0.7195592868844725,190.95,0.052369730295888976
WEBBUMOUND,26,0.5353299271424312,502.27,0.05176498695920521
LINNECRATER,7,0.6546920266635525,135.75,0.05156537753222836
GIORDNBRNO,115,0.7403984178794325,2239.1,0.05135992139698987
HSCARP5,7,0.6960598723519127,137.53,0.050897985893986766
BRAYLEYG01,34,0.6197022126306868,669.36,0.05079478905222899
MARIUSCONE,41,0.6295644768331046,811.89,0.050499451896192836
COPRNICUS01,25,0.616600578695988,497.7,0.05023106288929074
DARWINC,11,0.8118615076947187,219.9,0.05002273760800364
RUMKERDOME6,51,0.6481302266910008,1023.62,0.04982317656943006
CRISHORSE05,22,0.621746998703295,443.25,0.049633389734912575
LOWELL1,24,0.5936810597105697,493.66,0.04861645667058299
RUMKERDOM10,40,0.6485318411748359,823.95,0.04854663511135384
REINERPHOT2,20,0.5698181139561114,415.6,0.04812319538017324
GIORDNBRN15,16,0.8025270345795442,335.37,0.04770850105853237
SERENRIDGE1,24,0.5667940703521483,505.2,0.047505938242280284
CHAUCERP01,29,1.1183702391606882,610.95,0.047467059497503884
MARIUSDOME1,17,0.5797885636030335,360.81,0.047116210748039136
MARIUSPIT01,21,0.6223114566314977,449.88,0.046679114430514805
REINER10,11,0.6282710374779843,235.76,0.046657617916525285
APOLLO17_3,5,1.155879406037077,107.56,0.04648568240981778
BYRGIUSFLW1,10,0.639752480767092,216.26,0.04624063627115509
NRTHCRISM02,24,0.6211801504158105,524.27,0.045777938848303355
NEWCRATER6,11,0.688141034419462,243.11,0.0452470075274567
NEARLENTS1,8,1.0203694312258664,177.53,0.04506280628626148
LOWELL,36,0.6560375098190838,811.01,0.0443890950789756
GLUSHKO,29,0.6628107457022581,659.55,0.043969373057387615
RILLERDGE,39,0.6491476932331118,894.73,0.043588568618465905
KINGEJECTA,24,0.9564936715450945,552.39,0.043447564220930865
FRESHMELT2,8,1.0012600448624067,184.43,0.04337689096134034
SOSIRILLE,5,0.5389129439755389,116.57,0.042892682508364074
LUNA16,5,0.5060359410191673,117.31,0.04262211235188816
DORSUMNICOL,21,0.7417201194992595,497.19,0.04223737404211669
LICHTENBER5,6,0.6852848309609141,142.44,0.04212299915754002
GRUITHUISE4,6,0.6539589035437718,142.79,0.04201974928216262
APOLLO17_4,5,1.5075028611838932,119.59,0.04180951584580651
ORIENTALE2,6,0.6121283834584837,144.16,0.041620421753607105
ALPETRAGB01,16,0.5838110998304452,385.46,0.041508846572925855
FLAMSTDVNT,18,0.770322076477748,434.77,0.04140120063481841
COPERNGRAB,21,0.637774404207453,508.99,0.04125817796027427
MESSIER2,17,0.5762121992286899,413.92,0.04107073830691921
IMBRIUM1,43,0.6141043176375393,1049.88,0.04095706175943917
LICHTENBER4,4,0.7085334290106211,97.85,0.040878896269800714
MARIUS6,5,0.6482601370169617,123.64,0.04043998705920414
ALDROVANDI,27,0.6372035653396616,672.74,0.04013437583613283
MARIUS2,5,0.6231915318605528,125.41,0.03986922892911251
LOWELL2,15,0.8476940766585137,377.34,0.03975194784544443
GIORDNBRN11,22,0.8173314175875117,555.42,0.039609664758201005
LICHTENBER1,5,0.7394870835185512,127.55,0.03920031360250882
COPRNEJCT02,17,0.7080852576573862,438.09,0.038804811796662786
APOLLO17_2,5,0.7061644068245191,129.69,0.038553473667977484
ORIENTIRR1,9,0.9155134283476994,239.47,0.0375829957823527
GIORDNBRN13,18,0.7264402525296583,483.49,0.03722931187821878
GODDARDA02,7,1.8800734602131168,189.95,0.03685180310608055
HERODOTUSA2,21,0.5638048691871119,588.98,0.03565486094604231
MARIUS1,30,0.6247402663568598,849.64,0.0353090720775858
GRUITHMARE1,14,0.5818179884530458,399.39,0.03505345652119482
NEWCRATER11,30,0.7346402278363444,858.34,0.03495118484516625
FRSHCRATR22,18,0.5922110370670994,518.25,0.03473227206946455
LICHTENBER11,4,0.8155290295397752,115.27,0.03470113646221914
TYCHOPK04,5,0.7729734203886032,146.17,0.03420674557022645
FONTENELLEX,38,0.6405473730379028,1114.35,0.03410059676044331
MONSMORO,18,0.6490549892545736,532.74,0.033787588692420316
ZIRKEL01,9,0.6946574008655062,269.99,0.033334567946961
MESSIER,34,0.5873870559065707,1020.63,0.033312757806452875
LICHTENBERG,36,0.6901425440908769,1081.42,0.03328956372177322
GRUITHUISE1,4,0.6843720258328836,122.32,0.032701111837802485
CARLINIFLOW,12,0.7176347313060849,376.75,0.03185136031851361
MARIUS7,27,0.657134159867409,849.32,0.03179013799274714
LICHTENBER8,4,1.2077721571006168,129.58,0.030868961259453615
IMBRIUM,60,0.6602452347320305,1984.98,0.030227004806093763
LICHTENBER9,4,0.6870809540155768,132.38,0.030216044719746187
A13SIVB,4,0.597638242031456,134.25,0.0297951582867784
MESSIER1,19,0.5921694288835384,643.57,0.02952281803067265
TYCHOPK,29,0.9833154288489208,1003.0,0.028913260219341975
HARKHEBIH,4,1.8340449575680826,144.33,0.027714265918381484
BERESHEET1,11,0.5660039120402927,397.51,0.027672259817363085
INGENIIPIT,5,0.5507173956261676,185.25,0.02699055330634278
RIMASHARP2,26,0.6374013944275376,978.59,0.026568838839554867
HPONDS5,4,0.5594285185865384,151.77,0.02635566976345786
LICHTENBER12,3,0.5668256538615297,118.28,0.02536354413256679
HERODOMEGA1,10,0.6298690450495659,398.75,0.025078369905956112
TYCHOPK07,6,1.402957742438058,240.89,0.0249076341898792
SURVEYOR7,3,2.0830805708478213,126.32,0.023749208359721344
FRESHMELT,8,1.0012600448624067,340.92,0.02346591575736243
MARIUS3,3,0.7192144498475128,128.28,0.023386342376052385
RIMASHARP1,24,0.6359016551496375,1041.62,0.023041032238244274
LICHTENBER7,3,0.5475138804592166,132.55,0.022632968691059976
NECHO1,14,0.816450815558663,623.32,0.022460373483924788
LICHTENBER6,3,0.7139630055909325,134.84,0.022248590922574904
RIMASHARP,44,0.6339119753298548,2003.97,0.021956416513221257
MESSIER3,3,0.8733785272324038,136.66,0.021952290355627103
KINGCRATER2,4,0.8585872406402306,183.19,0.021835253015994323
ARISTARCH13,13,0.6516463561797868,601.37,0.021617307148677187
CRISIUMVOLC,3,0.5399390706974874,140.6,0.021337126600284497
CHANGE6,10,0.900513233306194,478.29,0.020907817432938174
RIMASHARP3,3,0.9544017235659374,144.48,0.020764119601328904
OCNSPRCLRM1,15,0.5585361033914188,731.36,0.02050973528768322
IMBRIUM2,20,0.7995496570318413,1028.67,0.019442581197079725
IMPACTMELT2,3,1.3010012435498708,165.64,0.018111567254286406
GIORDNBRNO3,3,3.48832136222619,167.08,0.017955470433325352
GIORDNBRN10,10,0.776194621308449,569.49,0.01755957084408857
LARMORQ2,3,1.6739034466074056,174.23,0.01721861906675085
LICHTENBER2,2,0.5736314401306115,121.72,0.01643115346697338
APOLLO17_6,2,0.7083163217973024,122.45,0.016333197223356473
TYCHOPK02,3,1.2191556182991723,189.3,0.01584786053882726
NFRIGORIS01,5,0.6339026131709328,338.52,0.014770176060498642
NEWCRATER4,3,0.5818246243154988,213.23,0.014069314824368054
TYCHOPK03,2,1.893969522709104,142.17,0.014067665470915102
OCNSPRCLRM2,10,0.6584949798842863,719.7,0.01389467833819647
FRIGORIS,17,0.6204560296362193,1306.01,0.013016745660446704
GIORDNBRNO2,2,0.6681927046876,155.05,0.012899064817800709
MREEXPLR,10,0.620864967922282,792.4,0.012619888944977285
GIORDNBRNO4,2,0.8184451574696653,163.27,0.012249647822625099
GIORDNBRNO5,2,0.8044351696993852,165.26,0.012102142079148009
GIORDNBRN16,4,0.6681927046876,332.16,0.012042389210019266
GRUITHUISEN,39,0.7905121060847943,3524.12,0.011066592511038217
TYCHOPK06,2,0.764406151373247,187.6,0.010660980810234541
TYCHOPK08,1,3.1357570557254872,95.8,0.010438413361169102
KINGCRATER4,2,1.3892308414079277,195.82,0.01021346134204882
LICHTENBER13,1,0.581964658962152,124.85,0.008009611533840609
MARIUS4,1,0.47582133574305,134.17,0.007453230975627935
MRECRISIUM3,1,0.6095076314132901,142.6,0.007012622720897616
MOOREF2,1,1.8619529440765517,146.22,0.00683900971139379
ARISTARCH10,2,1.3373769428523077,374.06,0.005346735817783243
KINGCRATER3,1,0.8879088278238922,188.88,0.0052943667937314694
MARIUS,1,0.47582133574305,387.84,0.0025783828382838284
