DTM_NAME,sitename,quality,resolution,relat_le,triang_rms,cov_sqkm,n_pits_in_dtm,pit_names,n_rille_segments,n_unique_rilles,crater_per_km2,n_chain_strips,score_pits,score_rilles,score_crater_inv,score_quality,score_flagship,score_total
MARIUSCONE,Marius Hills Pit and Broken Cone,good,4,3.43,0.321,811.89,1,Marius Hills Pit,6,2,0.050499451896192836,2,5,14,2.9505672780989176,2,0,23.950567278098916
MARIUSPIT01,Marius Pit,good,4,3.43,0.321,449.88,1,Marius Hills Pit,4,2,0.046679114430514805,2,5,10,2.9543069163012756,2,3,22.954306916301277
PRCLRMPIT01,Procellarum Pits,good,5,3.36,0.302,771.23,2,North Procellarum 1 Pit; North Procellarum 2 Pit,0,0,0.062238242806944746,3,10,0,2.93907645265909,2,0,14.93907645265909
GRUITHUIS17,Gruithuisen Domes,good,5,4.9,0.609,1159.17,0,,4,2,0.11214921021075423,4,0,10,2.890219784342012,2,0,14.890219784342012
INGENIIPIT,Mare Ingenii Pit,good,2,1.74,0.227,185.25,1,Mare Ingenii Pit,0,0,0.02699055330634278,1,5,0,2.9735795842241735,2,3,12.973579584224174
TRANQPIT1,Mare Tranquillitatis Pit,good,2,0.72,0.379,124.72,1,Mare Tranquillitatis Pit,0,0,0.14432328415651058,1,5,0,2.858725342520054,2,3,12.858725342520053
GRUITHMARE2,Pit Chain in Mare SW of Gruithuisen Domes,good,5,4.55,0.154,1128.15,0,,2,1,0.05407082391525949,3,0,5,2.947071346297782,2,0,9.947071346297783
MARIUSCONE1,Marius Hills Broken Cone,good,3,2.71,0.321,380.22,0,,2,1,0.05523118194729367,2,0,5,2.945935499199458,2,0,9.945935499199457
FECUNPIT,Fecunditatis Pit,good,5,5.0,0.0,669.29,1,Central Mare Fecunditatis Pit,0,0,0.059764825412003765,2,5,0,2.941497622585463,2,0,9.941497622585462
FECNDITATS2,Bouldered ridge in Mare Fecunditatis NE of Messier Crater,good,4,2.11,1.06,663.69,1,Central Mare Fecunditatis Pit,0,0,0.06026910153836881,2,5,0,2.941003998584015,2,0,9.941003998584016
IRIDIUMPIT1,Sinus Iridium Pit,good,5,3.97,0.862,809.9,1,Sinus Iridum Pit,0,0,0.09136930485245093,3,5,0,2.910560743384882,2,0,9.910560743384881
POSIDONIUS,Posidonius,good,5,3.86,0.221,1075.0,0,,2,1,0.09302325581395349,4,0,5,2.908941729814476,2,0,9.908941729814476
RIMSCHRODGR,West Rima Schrodinger,good,5,3.47,0.192,993.65,0,,2,1,0.10365822975896946,3,0,5,2.8985314047572874,2,0,9.898531404757287
SWFECUNPIT1,SW Mare Fecunditatis Pit,good,3,1.58,0.525,448.69,1,Southwest Mare Fecunditatis Pit,0,0,0.12257906349595489,3,5,0,2.880010247058791,2,0,9.880010247058792
GRUITHUIS14,Gruithuisen Domes,good,3,1.9,0.609,434.76,0,,2,1,0.12420645873585427,2,0,5,2.878417228257667,2,0,9.878417228257668
ISISOSIRIS,Isis and Osiris,good,5,5.0,0.214,891.03,0,,2,1,0.12569722680493361,3,0,5,2.876957950570272,2,0,9.876957950570272
PRINZVENT,Rimae Prinz Vent and Rille,fair,5,6.21,0.236,867.45,0,,1,1,0.1118220070321056,4,0,3,2.8905400758130666,0,0,5.890540075813067
PYTHAGORAS1,Pythagoras,good,2,1.08,2.26,104.35,0,,0,0,0.0,0,0,0,3.0,2,0,5.0
SEARESGRBN,Seares Graben,good,5,2.96,0.397,358.47,0,,0,0,0.0,0,0,0,3.0,2,0,5.0
ANTONIADI,Floor of Antoniadi,good,2,2.54,0.316,150.66,0,,0,0,0.0,0,0,0,3.0,2,0,5.0
LARMORQ3,Larmor Q,good,2,0.75,0.558,105.94,0,,0,0,0.0,0,0,0,3.0,2,0,5.0
SCHRODVENT4,Schrödinger G Vent,good,5,2.83,0.291,254.14,0,,0,0,0.0,0,0,0,3.0,2,0,5.0
FRESHMELT1,Fresh Impact Melt near Virtanen,good,2,1.28,1.23,172.47,0,,0,0,0.0,0,0,0,3.0,2,0,5.0
SIMPELIUS,Simpelius,good,2,1.7,0.201,132.4,0,,0,0,0.0,0,0,0,3.0,2,0,5.0
ESALL_CR1,Connecting Ridge Potential Landing Site for ESA Lunar Lander,good,2,0.0,0.5,23.44,0,,0,0,0.0,0,0,0,3.0,2,0,5.0
ESALL_MP1,Malapert Massif Peak Potential Landing Site for ESA Lunar Lander,good,2,0.0,0.5,24.51,0,,0,0,0.0,0,0,0,3.0,2,0,5.0
ESALL_SR12,Shackleton Crater Rim Potential Landing Site for ESA Lunar Lander,good,2,0.0,0.5,17.25,0,,0,0,0.0,0,0,0,3.0,2,0,5.0
VIKRAMSITE1,Chandrayaan-3 Landing Site (Pre-Landing),good,3,1.92,0.27,346.58,0,,0,0,0.0,0,0,0,3.0,2,0,5.0
NOBILE02,NW Rim of Nobile Crater,good,4,3.7,0.113,74.42,0,,0,0,0.0,0,0,0,3.0,2,0,5.0
MALAPERT03,Malapert Massif,good,4,3.39,0.251,65.29,0,,0,0,0.0,0,0,0,3.0,2,0,5.0
NOBILE04,Mons Mouton and Nobile Crater Rim,good,3,2.72,0.348,269.01,0,,0,0,0.0,0,0,0,3.0,2,0,5.0
CMPTNBELK2,Compton Belkovich 2,good,2,1.31,0.56,176.96,0,,0,0,0.0,0,0,0,3.0,2,0,5.0
MALAPERT02,Malapert Massif,good,4,3.31,0.251,136.33,0,,0,0,0.0,0,0,0,3.0,2,0,5.0
COMPTONBELK,Compton Belkovich - Small Dome,good,2,1.98,0.222,140.38,0,,0,0,0.0,0,0,0,3.0,2,0,5.0
NOBILE03,Terrain near Nobile crater rim and Mons Mouton,good,4,3.7,0.109,15.17,0,,0,0,0.0,0,0,0,3.0,2,0,5.0
NRTHCRTRIII,North Crater III,good,5,3.95,0.0,1373.85,0,,0,0,0.0,0,0,0,3.0,2,0,5.0
NRTHCRTRII,North Crater II,good,6,4.47,0.0,1316.65,0,,0,0,0.0,0,0,0,3.0,2,0,5.0
SIMPELIUS01,Site NE of Simpelius G,good,2,0.72,0.138,87.76,0,,0,0,0.0,0,0,0,3.0,2,0,5.0
SIMPELIUS02,Site NE of Simpelius N,good,2,0.8,0.138,90.48,0,,0,0,0.0,0,0,0,3.0,2,0,5.0
MOOREF1,Moore F,good,2,1.35,0.199,146.0,0,,0,0,0.0,0,0,0,3.0,2,0,5.0
APOLLO12,Apollo 12 Landing Site,good,2,0.8,0.268,13.01,0,,0,0,0.0,0,0,0,3.0,2,0,5.0
SCHRODNGR02,Schrodinger Crater Site,good,4,2.82,0.58,20.01,0,,0,0,0.0,0,0,0,3.0,2,0,5.0
SCHRODNGR03,Schrodinger Crater Site,good,3,2.61,0.228,18.99,0,,0,0,0.0,0,0,0,3.0,2,0,5.0
SCHRODVENT1,Schrödinger G Vent,good,5,1.89,0.291,123.62,0,,0,0,0.0,0,0,0,3.0,2,0,5.0
NOBILE01,Nobile Crater,good,3,2.96,0.142,54.14,0,,0,0,0.0,0,0,0,3.0,2,0,5.0
SCHRODNGR01,Schrodinger Crater Site,good,5,2.2,0.287,35.88,0,,0,0,0.0,0,0,0,3.0,2,0,5.0
LARMORQ1,Larmor Q,good,2,1.12,0.558,148.12,0,,0,0,0.0,0,0,0,3.0,2,0,5.0
CHANGE501,Chang'e 5 Landing Site,good,3,1.89,0.46,37.8,0,,0,0,0.0,0,0,0,3.0,2,0,5.0
MALAPERT01,Northwest Malapert Massif,good,4,3.27,0.183,74.61,0,,0,0,0.0,0,0,0,3.0,2,0,5.0
MALAPERTA01,Malapert A,good,3,0.94,0.24,190.9,0,,0,0,0.0,0,0,0,3.0,2,0,5.0
BOGSLWSKY1,North of Boguslawsky Crater,good,2,0.98,0.12,117.01,0,,0,0,0.0,0,0,0,3.0,2,0,5.0
GRAIL,GRAIL Impact Site,good,6,3.79,0.0,695.62,0,,0,0,0.0,0,0,0,3.0,2,0,5.0
SCHRODVENT,Schrödinger G Vent,good,5,2.83,0.291,601.15,0,,0,0,0.0,0,0,0,3.0,2,0,5.0
SCHRODVENT2,Schrödinger G Vent,good,5,1.79,0.291,207.23,0,,0,0,0.0,0,0,0,3.0,2,0,5.0
SCHRODVENT3,Schrödinger G Vent,good,5,2.83,0.291,237.67,0,,0,0,0.0,0,0,0,3.0,2,0,5.0
GIORDNBRNO6,Giordano Bruno,good,2,1.32,0.336,148.38,0,,0,0,0.0,0,0,0,3.0,2,0,5.0
CMPTNBELK3,Compton Belkovich 3,good,2,1.39,0.87,168.31,0,,0,0,0.0,0,0,0,3.0,2,0,5.0
SHACKRDGE02,Shackleton - de Gerlache Connecting Ridge,good,3,3.41,0.173,16.25,0,,0,0,0.0,0,0,0,3.0,2,0,5.0
MARIUS,Marius,good,2,0.95,0.513,387.84,0,,0,0,0.0025783828382838284,0,0,0,2.997476081877851,2,0,4.997476081877851
KINGCRATER3,King Crater,good,2,1.45,0.559,188.88,0,,0,0,0.0052943667937314694,0,0,0,2.994817469268878,2,0,4.994817469268877
ARISTARCH10,Aristarchus,good,3,1.8,0.504,374.06,0,,0,0,0.005346735817783243,0,0,0,2.994766206466907,2,0,4.994766206466907
MOOREF2,Moore F,good,2,1.35,0.199,146.22,0,,0,0,0.00683900971139379,0,0,0,2.9933054547634086,2,0,4.993305454763409
MRECRISIUM3,Mare Crisium 2,good,2,0.94,0.52,142.6,0,,0,0,0.007012622720897616,0,0,0,2.993135509084892,2,0,4.993135509084892
MARIUS4,Marius,good,2,0.85,0.513,134.17,0,,0,0,0.007453230975627935,0,0,0,2.992704208060711,2,0,4.992704208060712
LICHTENBER13,Lichtenberg,good,2,1.06,0.647,124.85,0,,0,0,0.008009611533840609,0,0,0,2.992159580260357,2,0,4.992159580260357
KINGCRATER4,King Crater,good,2,1.43,0.559,195.82,0,,0,0,0.01021346134204882,0,0,0,2.9900022836840527,2,0,4.990002283684053
TYCHOPK08,Tycho Central Peak,good,2,1.38,0.268,95.8,0,,0,0,0.010438413361169102,0,0,0,2.9897820834603923,2,0,4.989782083460392
TYCHOPK06,Tycho Central Peak,good,2,1.78,0.268,187.6,0,,0,0,0.010660980810234541,0,0,0,2.9895642174360937,2,0,4.989564217436094
GRUITHUISEN,Gruithuisen Domes,good,5,4.89,0.609,3524.12,0,,0,0,0.011066592511038217,2,0,0,2.9891671737127905,2,0,4.98916717371279
GIORDNBRN16,Giordano Bruno,good,3,1.66,0.338,332.16,0,,0,0,0.012042389210019266,1,0,0,2.9882119893485743,2,0,4.988211989348574
GIORDNBRNO5,Giordano Bruno,good,2,1.38,0.336,165.26,0,,0,0,0.012102142079148009,0,0,0,2.9881534986748832,2,0,4.988153498674883
GIORDNBRNO4,Giordano Bruno,good,2,1.33,0.336,163.27,0,,0,0,0.012249647822625099,0,0,0,2.9880091087830665,2,0,4.988009108783066
MREEXPLR,Mare Explorer,good,5,2.9975,0.284,792.4,0,,0,0,0.012619888944977285,2,0,0,2.987646688484422,2,0,4.987646688484422
GIORDNBRNO2,Giordano Bruno,good,2,1.37,0.336,155.05,0,,0,0,0.012899064817800709,0,0,0,2.9873734098098113,2,0,4.987373409809811
FRIGORIS,Mare Frigoris,good,7,4.97,0.548,1306.01,0,,0,0,0.013016745660446704,1,0,0,2.9872582148096845,2,0,4.9872582148096845
OCNSPRCLRM2,Oceanus Procellarum SW of Herodotus,good,5,2.59,0.179,719.7,0,,0,0,0.01389467833819647,2,0,0,2.9863988272267004,2,0,4.986398827226701
TYCHOPK03,Tycho Central Peak,good,2,1.39,0.268,142.17,0,,0,0,0.014067665470915102,0,0,0,2.986229494204201,2,0,4.986229494204201
NEWCRATER4,Unnamed New 30m Crater,good,3,1.75,0.264,213.23,0,,0,0,0.014069314824368054,1,0,0,2.986227879691023,2,0,4.9862278796910235
NFRIGORIS01,North Mare Frigoris,good,3,1.56,0.345,338.52,0,,0,0,0.014770176060498642,1,0,0,2.98554182316415,2,0,4.98554182316415
TYCHOPK02,Tycho Central Peak,good,2,1.71,0.268,189.3,0,,0,0,0.01584786053882726,1,0,0,2.9844869032568244,2,0,4.984486903256824
APOLLO17_6,Apollo 17,good,2,0.83,0.308,122.45,0,,0,0,0.016333197223356473,0,0,0,2.9840118186281033,2,0,4.984011818628103
LICHTENBER2,Lichtenberg,good,2,0.98,0.647,121.72,0,,0,0,0.01643115346697338,0,0,0,2.983915931572554,2,0,4.983915931572554
LARMORQ2,Larmor Q,good,2,1.69,0.558,174.23,0,,0,0,0.01721861906675085,0,0,0,2.9831451000775804,2,0,4.98314510007758
GIORDNBRN10,Giordano Bruno,good,3,2.62,0.336,569.49,0,,0,0,0.01755957084408857,1,0,0,2.9828113504276743,2,0,4.982811350427674
GIORDNBRNO3,Giordano Bruno,good,2,1.34,0.336,167.08,0,,0,0,0.017955470433325352,1,0,0,2.9824238136612213,2,0,4.982423813661221
IMPACTMELT2,Korolev X,good,2,1.41,0.231,165.64,0,,0,0,0.018111567254286406,0,0,0,2.9822710141663658,2,0,4.982271014166366
IMBRIUM2,Mare Imbrium,good,5,3.71,0.251,1028.67,0,,0,0,0.019442581197079725,3,0,0,2.9809681160237127,2,0,4.980968116023712
OCNSPRCLRM1,Oceanus Procellarum West of Herodotus,good,5,2.67,0.186,731.36,0,,0,0,0.02050973528768322,3,0,0,2.9799235040644607,2,0,4.979923504064461
RIMASHARP3,Rima Sharp,good,2,1.23,0.129,144.48,0,,0,0,0.020764119601328904,1,0,0,2.9796744932621597,2,0,4.979674493262159
CHANGE6,Chang'e 6 Landing Site,good,4,2.61,0.528,478.29,0,,0,0,0.020907817432938174,1,0,0,2.979533830845421,2,0,4.979533830845421
CRISIUMVOLC,Crisium Volcano,good,2,0.99,0.19,140.6,0,,0,0,0.021337126600284497,1,0,0,2.9791135902312718,2,0,4.979113590231272
ARISTARCH13,Aristarchus Crater East Rim,good,5,2.11,0.234,601.37,0,,0,0,0.021617307148677187,1,0,0,2.978839328103452,2,0,4.978839328103453
KINGCRATER2,King Crater,good,2,1.32,0.559,183.19,0,,0,0,0.021835253015994323,0,0,0,2.9786259860364783,2,0,4.978625986036478
MESSIER3,Messier Crater,good,2,1.34,0.377,136.66,0,,0,0,0.021952290355627103,1,0,0,2.9785114209462673,2,0,4.978511420946267
RIMASHARP,Rima Sharp,good,5,3.54,0.432,2003.97,0,,0,0,0.021956416513221257,3,0,0,2.978507381947957,2,0,4.978507381947956
LICHTENBER6,Lichtenberg,good,2,1.13,0.647,134.84,0,,0,0,0.022248590922574904,1,0,0,2.9782213793126435,2,0,4.978221379312643
NECHO1,Necho Crater,good,5,1.47,0.987,623.32,0,,0,0,0.022460373483924788,1,0,0,2.9780140703604547,2,0,4.978014070360455
LICHTENBER7,Lichtenberg,good,2,1.1,0.647,132.55,0,,0,0,0.022632968691059976,0,0,0,2.9778451209846613,2,0,4.977845120984661
RIMASHARP1,Rima Sharp,good,5,3.5,0.432,1041.62,0,,0,0,0.023041032238244274,3,0,0,2.9774456772067883,2,0,4.977445677206788
MARIUS3,Marius,good,2,0.91,0.513,128.28,0,,0,0,0.023386342376052385,1,0,0,2.9771076612606553,2,0,4.977107661260655
FRESHMELT,Fresh Impact Melt near Virtanen,good,2,1.52,1.23,340.92,0,,0,0,0.02346591575736243,1,0,0,2.977029768755265,2,0,4.977029768755266
SURVEYOR7,Surveyor 7,good,2,0.98,0.314,126.32,0,,0,0,0.023749208359721344,0,0,0,2.976752460311248,2,0,4.976752460311248
TYCHOPK07,Tycho Central Peak,good,2,2.38,0.268,240.89,0,,0,0,0.0249076341898792,1,0,0,2.97561850459975,2,0,4.975618504599749
HERODOMEGA1,Herodotus Omega Dome,good,3,1.41,0.654,398.75,0,,0,0,0.025078369905956112,1,0,0,2.9754513754358776,2,0,4.975451375435878
LICHTENBER12,Lichtenberg,good,2,1.11,0.647,118.28,0,,0,0,0.02536354413256679,1,0,0,2.9751722251142785,2,0,4.975172225114278
HPONDS5,Highland Ponds,good,2,1.293,0.507,151.77,0,,0,0,0.02635566976345786,1,0,0,2.9742010567439054,2,0,4.9742010567439054
RIMASHARP2,Rima Sharp,good,5,3.27,0.432,978.59,0,,0,0,0.026568838839554867,3,0,0,2.973992390565146,2,0,4.9739923905651455
BERESHEET1,Beresheet Impact Site,good,3,1.66,0.383,397.51,0,,0,0,0.027672259817363085,2,0,0,2.9729122778057455,2,0,4.9729122778057455
HARKHEBIH,Harkhebi H,good,2,2.0,0.0,144.33,0,,0,0,0.027714265918381484,1,0,0,2.9728711590246135,2,0,4.9728711590246135
TYCHOPK,Tycho Central Peak,good,2,2.38,0.535,1003.0,0,,0,0,0.028913260219341975,3,0,0,2.9716974917942798,2,0,4.97169749179428
MESSIER1,Messier Crater,good,5,2.18,0.377,643.57,0,,0,0,0.02952281803067265,2,0,0,2.971100810035593,2,0,4.971100810035593
A13SIVB,Apollo 13 SIVB Impact,good,2,0.86,0.152,134.25,0,,0,0,0.0297951582867784,1,0,0,2.9708342225848976,2,0,4.970834222584898
LICHTENBER9,Lichtenberg,good,2,1.11,0.647,132.38,0,,0,0,0.030216044719746187,1,0,0,2.9704222267866935,2,0,4.9704222267866935
IMBRIUM,Mare Imbrium,good,5,3.71,0.251,1984.98,0,,0,0,0.030227004806093763,3,0,0,2.9704114982167766,2,0,4.970411498216777
LICHTENBER8,Lichtenberg,good,2,1.12,0.647,129.58,0,,0,0,0.030868961259453615,1,0,0,2.9697831021918697,2,0,4.96978310219187
MARIUS7,Marius Hills,good,5,2.88,0.233,849.32,0,,0,0,0.03179013799274714,3,0,0,2.9688813840232795,2,0,4.9688813840232795
CARLINIFLOW,Flow boundary near Carlini K and E,good,3,1.54,0.564,376.75,0,,0,0,0.03185136031851361,2,0,0,2.9688214549331584,2,0,4.968821454933158
GRUITHUISE1,Gruithuisen Domes,good,2,0.77,0.609,122.32,0,,0,0,0.032701111837802485,1,0,0,2.967989653221243,2,0,4.9679896532212435
LICHTENBERG,Lichtenberg,good,2,1.13,0.647,1081.42,0,,0,0,0.03328956372177322,2,0,0,2.967413631556844,2,0,4.967413631556844
MESSIER,Messier Crater,good,5,2.18,0.377,1020.63,0,,0,0,0.033312757806452875,2,0,0,2.9673909274146273,2,0,4.967390927414627
ZIRKEL01,Dorsum Zirkel,good,3,2.16,0.337,269.99,0,,0,0,0.033334567946961,2,0,0,2.9673695779827054,2,0,4.967369577982705
MONSMORO,Mons Moro,good,5,1.88,0.189,532.74,0,,0,0,0.033787588692420316,2,0,0,2.966926126664229,2,0,4.966926126664228
FONTENELLEX,Fontenelle X,good,5,2.69,0.0,1114.35,0,,0,0,0.03410059676044331,1,0,0,2.9666197304520248,2,0,4.966619730452025
TYCHOPK04,Tycho Central Peak,good,2,1.52,0.268,146.17,0,,0,0,0.03420674557022645,1,0,0,2.9665158238867626,2,0,4.966515823886763
LICHTENBER11,Lichtenberg,good,2,1.15,0.647,115.27,0,,0,0,0.03470113646221914,0,0,0,2.966031876307994,2,0,4.966031876307994
FRSHCRATR22,Diviner Cold Spot - 160m Crater West of Kunowsky,good,5,1.69,0.121,518.25,0,,0,0,0.03473227206946455,2,0,0,2.9660013983967217,2,0,4.966001398396722
NEWCRATER11,Unamed new 22m crater north of Romer,good,5,2.28,0.228,858.34,0,,0,0,0.03495118484516625,3,0,0,2.9657871098459454,2,0,4.965787109845945
GRUITHMARE1,Mare SW of Gruithuisen Domes,good,3,1.68,0.444,399.39,0,,0,0,0.03505345652119482,2,0,0,2.965686998515433,2,0,4.965686998515433
HERODOTUSA2,Aristarchus Ejecta NW of Herodotus A,good,4,2.0,0.191,588.98,0,,0,0,0.03565486094604231,1,0,0,2.965098297914391,2,0,4.965098297914391
GODDARDA02,Goddard A,good,2,1.51,0.262,189.95,0,,0,0,0.03685180310608055,1,0,0,2.963926639476385,2,0,4.9639266394763855
GIORDNBRN13,Giordano Bruno,good,3,2.31,0.336,483.49,0,,0,0,0.03722931187821878,1,0,0,2.963557105046849,2,0,4.963557105046849
ORIENTIRR1,Orientale Inner Rook Ring,good,3,1.77,0.177,239.47,0,,0,0,0.0375829957823527,1,0,0,2.963210892218443,2,0,4.963210892218443
APOLLO17_2,Apollo 17,good,2,1.03,0.308,129.69,0,,0,0,0.038553473667977484,1,0,0,2.9622609143151215,2,0,4.962260914315122
COPRNEJCT02,Copernicus South Ejecta,good,3,2.11,0.303,438.09,0,,0,0,0.038804811796662786,2,0,0,2.962014885351402,2,0,4.962014885351402
LICHTENBER1,Lichtenberg,good,2,0.93,0.647,127.55,0,,0,0,0.03920031360250882,1,0,0,2.961627737965724,2,0,4.961627737965724
GIORDNBRN11,Giordano Bruno,good,3,2.56,0.336,555.42,0,,0,0,0.039609664758201005,1,0,0,2.9612270337782642,2,0,4.961227033778265
LOWELL2,Lowell Crater,good,5,0.7,0.0,377.34,0,,0,0,0.03975194784544443,2,0,0,2.9610877562214033,2,0,4.961087756221403
MARIUS2,Marius,good,2,0.95,0.513,125.41,0,,0,0,0.03986922892911251,1,0,0,2.960972952535907,2,0,4.960972952535907
ALDROVANDI,Aldrovandi,good,5,2.5,0.298,672.74,0,,0,0,0.04013437583613283,3,0,0,2.9607134064849,2,0,4.9607134064849
MARIUS6,Marius Hills,good,2,0.78,0.416,123.64,0,,0,0,0.04043998705920414,1,0,0,2.960414250869687,2,0,4.960414250869687
LICHTENBER4,Lichtenberg,good,2,0.99,0.647,97.85,0,,0,0,0.040878896269800714,1,0,0,2.959984612999719,2,0,4.959984612999719
IMBRIUM1,Mare Imbrium,good,5,3.68,0.251,1049.88,0,,0,0,0.04095706175943917,3,0,0,2.959908098646266,2,0,4.959908098646266
MESSIER2,Messier Crater,good,5,1.43,0.377,413.92,0,,0,0,0.04107073830691921,2,0,0,2.959796823356193,2,0,4.959796823356193
COPERNGRAB,Copernicus Graben,good,5,1.86,0.0,508.99,0,,0,0,0.04125817796027427,3,0,0,2.9596133431022573,2,0,4.959613343102257
FLAMSTDVNT,Flamsteed Vent,good,3,2.87,0.147,434.77,0,,0,0,0.04140120063481841,2,0,0,2.9594733415808383,2,0,4.959473341580838
ALPETRAGB01,Alpetragius B,good,3,2.75,0.258,385.46,0,,0,0,0.041508846572925855,2,0,0,2.9593679695119857,2,0,4.959367969511986
ORIENTALE2,Orientale Plains (2),good,2,0.99,0.0,144.16,0,,0,0,0.041620421753607105,1,0,0,2.9592587512002893,2,0,4.95925875120029
APOLLO17_4,Apollo 17,good,2,0.83,0.308,119.59,0,,0,0,0.04180951584580651,1,0,0,2.9590736514552063,2,0,4.959073651455206
GRUITHUISE4,Gruithuisen Domes,good,2,1.22,0.609,142.79,0,,0,0,0.04201974928216262,2,0,0,2.958867858904921,2,0,4.958867858904921
LICHTENBER5,Lichtenberg,good,2,1.08,0.647,142.44,0,,0,0,0.04212299915754002,1,0,0,2.9587667900381476,2,0,4.958766790038148
DORSUMNICOL,Dorsum Nicol,good,5,4.22,0.258,497.19,0,,0,0,0.04223737404211669,2,0,0,2.9586548311623684,2,0,4.958654831162368
LUNA16,Luna 16,good,2,0.82,0.177,117.31,0,,0,0,0.04262211235188816,1,0,0,2.9582782199090283,2,0,4.958278219909028
SOSIRILLE,Sosigenes Graben,good,2,0.72,0.353,116.57,0,,0,0,0.042892682508364074,1,0,0,2.9580133651670932,2,0,4.958013365167093
FRESHMELT2,Fresh Impact Melt near Virtanen,good,2,1.52,1.23,184.43,0,,0,0,0.04337689096134034,1,0,0,2.9575393849376184,2,0,4.957539384937618
KINGEJECTA,King Crater Ejecta,good,5,1.78,0.356,552.39,0,,0,0,0.043447564220930865,2,0,0,2.9574702045513765,2,0,4.9574702045513765
RILLERDGE,Rille-Ridge,good,5,4.67,0.294,894.73,0,,0,0,0.043588568618465905,3,0,0,2.9573321786736995,2,0,4.957332178673699
GLUSHKO,Melt Ponds NW of Glushko,good,5,2.25437,0.372,659.55,0,,0,0,0.043969373057387615,2,0,0,2.9569594181937124,2,0,4.956959418193712
LOWELL,Lowell Crater,good,5,1.87,1.32,811.01,0,,0,0,0.0443890950789756,2,0,0,2.956548562210333,2,0,4.956548562210333
NEARLENTS1,Fresh Crater near Lents Crater (Pierazzo Crater),good,2,1.2,0.0,177.53,0,,0,0,0.04506280628626148,1,0,0,2.9558890822060775,2,0,4.9558890822060775
NEWCRATER6,Unnamed New 50m Crater,good,3,1.95,0.238,243.11,0,,0,0,0.0452470075274567,1,0,0,2.955708771957393,2,0,4.955708771957394
NRTHCRISM02,Eimmart C in North Mare Crisium,good,4,1.95,0.275,524.27,0,,0,0,0.045777938848303355,2,0,0,2.955189055815009,2,0,4.9551890558150085
BYRGIUSFLW1,Flow South of Byrgius R,good,2,1.71,0.142,216.26,0,,0,0,0.04624063627115509,2,0,0,2.954736132225359,2,0,4.954736132225359
APOLLO17_3,Apollo 17,good,2,0.93,0.308,107.56,0,,0,0,0.04648568240981778,1,0,0,2.95449626234221,2,0,4.95449626234221
REINER10,Reiner Gamma,good,3,1.63,0.307,235.76,0,,0,0,0.046657617916525285,2,0,0,2.954327958731599,2,0,4.954327958731599
MARIUSDOME1,Dome in Marius Hills,good,3,2.47,0.226,360.81,0,,0,0,0.047116210748039136,2,0,0,2.95387905302956,2,0,4.95387905302956
CHAUCERP01,East of Chaucer P,good,5,2.04,0.282,610.95,0,,0,0,0.047467059497503884,3,0,0,2.9535356154671626,2,0,4.953535615467162
SERENRIDGE1,Wrinkle Ridge in SE Mare Serenitatis,good,5,1.9,0.199,505.2,0,,0,0,0.047505938242280284,2,0,0,2.9534975579812643,2,0,4.953497557981264
GIORDNBRN15,Giordano Bruno,good,3,1.62,0.336,335.37,0,,0,0,0.04770850105853237,1,0,0,2.9532992740200075,2,0,4.953299274020008
REINERPHOT2,Wrinkle Ridge in SW Reiner Gamma,good,3,2.78,0.25,415.6,0,,0,0,0.04812319538017324,2,0,0,2.952893339533475,2,0,4.952893339533475
RUMKERDOM10,Rumker Domes,good,5,3.25,0.206,823.95,0,,0,0,0.04854663511135384,2,0,0,2.952478844371897,2,0,4.952478844371897
LOWELL1,Lowell Crater,good,5,1.87,1.32,493.66,0,,0,0,0.04861645667058299,2,0,0,2.952410497695043,2,0,4.952410497695043
CRISHORSE05,Crisium Horseshoe,good,4,1.65,0.677,443.25,0,,0,0,0.049633389734912575,3,0,0,2.9514150459134205,2,0,4.9514150459134205
RUMKERDOME6,Rumker Domes,good,5,2.67,0.206,1023.62,0,,0,0,0.04982317656943006,4,0,0,2.951229268059228,2,0,4.951229268059228
DARWINC,Darwin C,good,2,1.89,0.451,219.9,0,,0,0,0.05002273760800364,1,0,0,2.9510339224673117,2,0,4.951033922467312
COPRNICUS01,Copernicus NE Melt Pond,good,5,5.0,0.63,497.7,0,,0,0,0.05023106288929074,3,0,0,2.9508299977649997,2,0,4.950829997765
BRAYLEYG01,Brayley G and Dorsum Arduino,good,4,2.41,0.234,669.36,0,,0,0,0.05079478905222899,2,0,0,2.9502781795255038,2,0,4.950278179525504
HSCARP5,Highland Scarp,good,2,1.36,0.11,137.53,0,,0,0,0.050897985893986766,1,0,0,2.9501771625720883,2,0,4.950177162572088
GIORDNBRNO,Giordano Bruno,good,3,2.78,0.336,2239.1,0,,0,0,0.05135992139698987,3,0,0,2.9497249848078004,2,0,4.9497249848078
LINNECRATER,Linne Crater,good,2,0.98,0.171,135.75,0,,0,0,0.05156537753222836,1,0,0,2.9495238686448566,2,0,4.949523868644857
WEBBUMOUND,Mound SW of Webb U,good,3,3.21,0.151,502.27,0,,0,0,0.05176498695920521,2,0,0,2.9493284756866744,2,0,4.9493284756866744
WIENERF,Wiener F Impact Melt,good,2,1.9,0.305,190.95,0,,0,0,0.052369730295888976,1,0,0,2.9487365067036198,2,0,4.94873650670362
MARIUSVOLC1,Marius Hills Volcanic Complex,good,2,0.83,0.1,133.29,0,,0,0,0.05251706804711532,2,0,0,2.948592281255453,2,0,4.948592281255452
ALDROVANDI2,Dorsa Aldrovandi,good,3,3.41,0.148,454.19,0,,0,0,0.05284132191373654,2,0,0,2.948274876796351,2,0,4.948274876796351
LARMORQ4,Larmor Q,good,5,3.86,0.558,1057.43,0,,0,0,0.05295858827534683,3,0,0,2.9481600875219303,2,0,4.948160087521931
NECHO2,Necho Crater,good,5,1.47,0.987,602.09,0,,0,0,0.05314820043515089,2,0,0,2.9479744806526926,2,0,4.947974480652693
MNDLSHTMLS,Mandelshtam Lobate Scarp,good,2,2.0,0.0,186.44,0,,0,0,0.053636558678395195,2,0,0,2.9474964382914406,2,0,4.947496438291441
CHANGE3,Chang'e 3 Landing Site,good,5,4.36,0.357,1113.49,0,,0,0,0.053884633000745405,3,0,0,2.947253604190731,2,0,4.947253604190731
HERODOTUSA,Herodotus A,good,5,2.46,0.249,647.4,0,,0,0,0.05406240345999382,2,0,0,2.947079588882757,2,0,4.947079588882756
TYCHOPK05,Tycho Central Peak,good,2,1.44,0.268,110.23,0,,0,0,0.05443164292842239,1,0,0,2.946718149079504,2,0,4.946718149079504
COPRNEJCT,Copernicus South Ejecta,good,5,5.0,0.303,1042.44,0,,0,0,0.05467940600897893,4,0,0,2.9464756196460424,2,0,4.946475619646042
APOLLO15_2,Apollo 15 Landing Site,good,5,2.71,0.193,633.59,0,,0,0,0.05524077084549945,2,0,0,2.9459261128532592,2,0,4.945926112853259
MONSHADLEY1,Mons Hadley,good,3,1.28,0.239,324.35,0,,0,0,0.055495606597811005,3,0,0,2.9456766601483,2,0,4.9456766601483
FRSHCRATER8,Thiel Crater,good,5,1.77,0.177,197.73,0,,0,0,0.055631416578162146,2,0,0,2.9455437189630396,2,0,4.945543718963039
LICHTENBER10,Lichtenberg,good,2,1.2,0.647,125.06,0,,0,0,0.055973132896209817,1,0,0,2.9452092209222718,2,0,4.945209220922272
APOLLO17_10,Apollo 17,good,3,1.78,0.308,444.21,0,,0,0,0.05627968753517481,2,0,0,2.944909141819501,2,0,4.944909141819501
APOLLO15,Apollo 15 Landing Site,good,2,1.06,0.478,122.96,0,,0,0,0.05692908262849707,2,0,0,2.944273464285453,2,0,4.944273464285454
RIPHDARNEY1,Photometry site northwest of Darney and south of Montes Riphaeus,good,3,2.11,0.331,260.73,0,,0,0,0.05753077896674721,1,0,0,2.9436844779372695,2,0,4.9436844779372695
LOBACHVSKY,Lobachevskiy,good,5,1.98,0.358,903.64,0,,0,0,0.05754504006020097,3,0,0,2.9436705180893856,2,0,4.943670518089386
ROSSECRTR2,Rosse Crater,good,3,2.24,0.299,293.89,0,,0,0,0.057844771853414544,2,0,0,2.9433771177093315,2,0,4.943377117709332
LUNA24,Luna 23 and 24 Landing Site,good,2,1.01,0.657,136.87,0,,0,0,0.05844962373054723,2,0,0,2.9427850424785924,2,0,4.942785042478592
LAPLACEA,Laplace A,good,5,3.46,0.295,1313.05,0,,0,0,0.05864209283728723,3,0,0,2.9425966390114104,2,0,4.942596639011411
MRINGENII4,Mare Ingenii,good,2,2.19,0.517,238.44,0,,0,0,0.05871498070793491,1,0,0,2.9425252907946593,2,0,4.942525290794659
CRSIUMHLLS1,Crisium Dark Hills,good,5,3.16,0.177,915.68,0,,0,0,0.05897256683557575,3,0,0,2.942273145812187,2,0,4.942273145812187
EULERCONES,Euler Cones,good,5,2.69,0.25,760.78,0,,0,0,0.05914981992165935,3,0,0,2.942099636948596,2,0,4.942099636948596
AESTUUM3,Sinus Aestuum Photometric Site,good,3,2.5,0.219,320.6,0,,0,0,0.05926388022457891,3,0,0,2.9419879860093783,2,0,4.941987986009378
LIEBIGJ1,Liebig J,good,5,2.69,0.375,368.7,0,,0,0,0.059669107675617034,2,0,0,2.941591318419104,2,0,4.941591318419103
PLANCKFLOOR,Fractures on the floor of Planck Crater,good,2,3.05,0.257,217.24,0,,0,0,0.05984164978825262,2,0,0,2.9414224210162634,2,0,4.941422421016263
LARMORQ,Larmor Q,good,5,5.0,0.558,2001.89,0,,0,0,0.060442881477004225,3,0,0,2.9408338895025103,2,0,4.94083388950251
APOLLO11,Apollo 11 Landing Site,good,2,0.77,1.34,114.61,0,,0,0,0.06107669487828287,1,0,0,2.940213464519146,2,0,4.940213464519146
SULPICIUS2,Sulpicius Gallus,good,2,0.84,0.71,162.58,0,,0,0,0.0615081805880182,2,0,0,2.9397910933390095,2,0,4.939791093339009
SLIPHER1,Slipher Lobate Scarp,good,2,1.47,0.24,162.15,0,,0,0,0.061671292013567684,2,0,0,2.939631427413236,2,0,4.939631427413236
PLATOT,Plato T Wrinkle Ridge,good,5,4.706,0.264,1146.44,0,,0,0,0.06193084679529674,4,0,0,2.9393773553617275,2,0,4.939377355361728
SCHLUTER,Schluter Crater,good,5,3.06,0.157,434.85,0,,0,0,0.06209037599172128,2,0,0,2.9392211959955192,2,0,4.939221195995519
TYCHOPK01,Tycho Central Peak,good,2,1.5,0.268,159.14,0,,0,0,0.06283775292195552,1,0,0,2.93848960635325,2,0,4.93848960635325
MANILUS,Manilus-1 IMP west of Manilius Crater,good,5,2.16,0.135,616.75,0,,0,0,0.06323469801378193,2,0,0,2.938101046168981,2,0,4.938101046168981
SULPICIUS3,Sulpicius Gallus,good,2,0.87,0.71,126.37,0,,0,0,0.06330616443776213,1,0,0,2.938031089372833,2,0,4.938031089372833
LARMORQ5,Larmor Q,good,5,1.54,0.558,1089.9,0,,0,0,0.063308560418387,3,0,0,2.938028744003934,2,0,4.938028744003934
CHAUCERP,East of Chaucer P,good,5,3.16,0.282,1056.8,0,,0,0,0.06339894019682059,3,0,0,2.9379402733713817,2,0,4.937940273371382
LICHTENBER3,Lichtenberg,good,2,0.91,0.647,124.49,0,,0,0,0.0642621897341152,1,0,0,2.9370952587681334,2,0,4.937095258768133
APOLLO17_2M,Apollo 17,good,2,1.03,0.308,667.3,0,,0,0,0.06443878315600181,2,0,0,2.9369223956342596,2,0,4.93692239563426
ERATOSTHNS1,Eratosthenes,good,5,3.15,1.38,802.1,0,,0,0,0.06482982171799027,3,0,0,2.9365396172126816,2,0,4.936539617212682
LASELMASIF1,Lassell Massif,good,2,0.82,0.473,123.0,0,,0,0,0.06504065040650407,1,0,0,2.9363332419841055,2,0,4.936333241984105
CRISMNERIM1,NE Rim of Mare Crisium,good,5,2.0,0.304,567.24,0,,0,0,0.06522812213525139,2,0,0,2.9361497303323247,2,0,4.936149730332325
ATLAS,Atlas Crater,good,2,2.89,1.15,715.33,0,,0,0,0.06570394083849412,2,0,0,2.9356839626309035,2,0,4.935683962630904
NEWCRATER7,Unnamed New 70m Crater,good,3,1.94,0.155,410.93,0,,0,0,0.06570462122502616,2,0,0,2.935683296616581,2,0,4.935683296616581
CAUCHY,Cauchy-5 IMP,good,5,2.43,0.205,729.75,0,,0,0,0.065775950668037,2,0,0,2.935613473907872,2,0,4.935613473907872
GLUSHKO2,Melt Ponds NE of Glushko,good,5,2.49,0.251,751.58,0,,0,0,0.06652651746986349,2,0,0,2.9348787617755674,2,0,4.934878761775567
COPRNEJCT01,Copernicus South Ejecta,good,5,2.48,0.303,630.07,0,,0,0,0.06665926008221308,3,0,0,2.9347488231644676,2,0,4.934748823164467
KEPLRCONE01,Kepler Cones,good,5,2.2,0.2,644.17,0,,0,0,0.06675256531660897,2,0,0,2.9346574888721015,2,0,4.9346574888721015
A12LMAS,Apollo 12 Ascent Stage Impact Site,good,5,1.95,0.147,567.79,0,,0,0,0.06692615227460857,2,0,0,2.9344875686947876,2,0,4.934487568694788
APOLLO17_8,Apollo 17,good,5,2.55,0.308,671.89,0,,0,0,0.06697524892467517,3,0,0,2.9344395091424977,2,0,4.934439509142498
ROSSECRTR,Rosse Crater,good,3,2.52,0.299,625.46,0,,0,0,0.06715057717519905,2,0,0,2.9342678844550187,2,0,4.934267884455019
ORIENTALE3,Orientale Plains (3),good,2,1.92,0.0,192.4,0,,0,0,0.06756756756756757,2,0,0,2.9338597023990283,2,0,4.933859702399028
IMPACTMELT1,Impact Melt South of D'Alembert Crater,good,2,1.43,0.184,131.5,0,,0,0,0.06844106463878327,2,0,0,2.93300465672662,2,0,4.93300465672662
EIMMARTA,Eimmart A,good,5,5.0,0.0,467.19,0,,0,0,0.06849461675121471,2,0,0,2.9329522358273503,2,0,4.932952235827351
LUNOKHOD2,Lunokhod 2,good,5,3.84,0.372,918.82,0,,0,0,0.06965455693171677,3,0,0,2.931816797754032,2,0,4.931816797754032
RUMKERDOM13,Rumker Domes,good,5,3.07,0.206,1205.89,0,,0,0,0.06965809485110581,3,0,0,2.9318133345682207,2,0,4.93181333456822
NERNSTT01,Nernst T,good,5,2.84,0.164,629.23,0,,0,0,0.06992673585175532,3,0,0,2.931550368231405,2,0,4.931550368231405
FRSHCRATER10,Fresh Crater near Wegener W Crater,good,2,1.19,0.0,114.19,0,,0,0,0.07005867413959191,1,0,0,2.931421216954593,2,0,4.931421216954593
CARRELIMP01,Carrel IMP,good,3,1.58,0.22,483.4,0,,0,0,0.0703351261894911,2,0,0,2.931150604565972,2,0,4.931150604565972
REINER6,Reiner Gamma,good,5,2.34,0.335,649.71,0,,0,0,0.0708008188268612,3,0,0,2.930694749031504,2,0,4.930694749031504
LUNOKHOD2_2,Lunokhod 2,good,5,3.84,0.372,704.04,0,,0,0,0.07101869211976593,3,0,0,2.9304814780059103,2,0,4.930481478005911
ATLAS4,Atlas Crater,good,2,1.3,0.0,139.79,0,,0,0,0.07153587524143358,1,0,0,2.9299752196513067,2,0,4.929975219651307
MARIUSDOME2,Domes in Marius Hills,good,4,2.02,0.245,614.97,0,,0,0,0.07154820560352537,3,0,0,2.9299631497507965,2,0,4.9299631497507965
ATLAS2,Atlas Crater,good,2,2.89,0.0,139.34,0,,0,0,0.07176690110521028,1,0,0,2.9297490738844276,2,0,4.929749073884428
ORIENTIRR2,Orientale Inner Rook Ring,good,3,3.15,0.159,431.74,0,,0,0,0.07180247371102978,3,0,0,2.9297142526999447,2,0,4.929714252699945
TMAYERIMP,IMPs near T Mayer,good,5,2.6,0.275,763.43,0,,0,0,0.07204327836212882,3,0,0,2.9294785347088914,2,0,4.929478534708892
KEPLERVENT1,Vent NE of Kepler Crater,good,3,2.75,0.123,401.95,0,,0,0,0.07214827714889911,2,0,0,2.9293757538740213,2,0,4.929375753874021
LADEE1,LADEE Impact Site - Before Impact,good,5,2.32,0.249,662.1,0,,0,0,0.07249660172179428,3,0,0,2.9290347871685087,2,0,4.929034787168509
ROSSECRTR1,Rosse Crater,good,3,2.52,0.229,357.66,0,,0,0,0.07269473801934798,2,0,0,2.9288408362219593,2,0,4.928840836221959
FRSHCRATER15,Fresh Crater in NE Wall of Hertzsprung S Crater,good,5,4.4,0.223,641.31,0,,0,0,0.07328748966958258,3,0,0,2.9282606056178198,2,0,4.92826060561782
LASELMASIF3,Lassell Massif,good,5,1.46,0.473,395.0,0,,0,0,0.07341772151898734,2,0,0,2.928133124733324,2,0,4.928133124733324
HANSENSCRP,Hansen Scarp,good,3,3.0,0.94,626.13,0,,0,0,0.07346717135419162,2,0,0,2.928084719456436,2,0,4.928084719456436
APOLLO17,Apollo 17,good,5,2.55,0.308,2415.54,0,,0,0,0.07368952697947458,3,0,0,2.9278670607814403,2,0,4.92786706078144
EULERCTR,Euler Crater,good,5,2.61,0.203,660.75,0,,0,0,0.07415815361331819,3,0,0,2.927408333227053,2,0,4.927408333227053
RUMKERDOME,Rumker Domes,good,5,4.46,0.206,5647.56,0,,0,0,0.07436839980451734,6,0,0,2.927202528191353,2,0,4.927202528191353
FRSHCRATER18,Werner D 2km fresh crater,good,5,1.17,0.286,320.97,0,,0,0,0.07477334330311243,2,0,0,2.9268061385554254,2,0,4.926806138555426
TSILKVSKIY2,NE Rim of Tsiolkovskiy,good,3,3.15,0.285,426.45,0,,0,0,0.07503810528784148,2,0,0,2.926546969295767,2,0,4.926546969295767
NECTRIMI2,Nectaris Basin Rim I,good,3,2.18803,0.171,319.06,0,,0,0,0.07522096157462546,2,0,0,2.9263679755912206,2,0,4.926367975591221
AUSTRDARK,Australe Dark Halo Crater West of Van der Waals,good,3,1.61,0.234,690.28,0,,0,0,0.07533174943501188,3,0,0,2.9262595279687837,2,0,4.926259527968783
REINER8,Reiner Gamma,good,5,1.89,0.335,596.0,0,,0,0,0.07550335570469799,2,0,0,2.926091546640525,2,0,4.926091546640524
LASELMASIF2,Lassell Massif,good,2,0.84,0.473,118.8,0,,0,0,0.07575757575757576,1,0,0,2.9258426966292133,2,0,4.925842696629213
ORIENTLVNT1,Pyroclastic Vent at Orientale,good,5,1.99,0.469,275.04,0,,0,0,0.07635253054101221,2,0,0,2.9252603094299667,2,0,4.925260309429967
MRINGENII1,Mare Ingenii,good,2,1.46,0.517,117.8,0,,0,0,0.07640067911714771,1,0,0,2.925213177924878,2,0,4.925213177924878
FRESH3,Unnamed Fresh Crater West of Saenger,good,2,1.35,2.53,195.52,0,,0,0,0.07671849427168576,1,0,0,2.9249020761691096,2,0,4.92490207616911
HSCARP4,Highland Scarp,good,2,1.42,0.11,142.67,0,,0,0,0.07710100231303008,1,0,0,2.924527648072908,2,0,4.9245276480729085
LUNOKHOD2_1,Lunokhod 2,good,5,3.03,0.372,707.5,0,,0,0,0.07773851590106007,3,0,0,2.923903601064041,2,0,4.9239036010640405
GODDARDA,Goddard A,good,5,3.14,0.262,1091.22,0,,0,0,0.07789446674364472,3,0,0,2.9237509444639738,2,0,4.923750944463974
SCHLUTER01,Pit in Schluter Crater Floor,good,3,1.76,0.3,558.44,0,,0,0,0.07879091755604899,3,0,0,2.9228734299159216,2,0,4.922873429915922
THEOPHILUS2,Theophilus SW Rim,good,3,2.7,0.148,328.64,0,,0,0,0.07911392405063292,3,0,0,2.9225572464798746,2,0,4.922557246479874
LASSELLH,Lassell H Cone,good,3,2.54,0.136,390.26,0,,0,0,0.0794342233382873,2,0,0,2.9222437130648133,2,0,4.922243713064813
CHAUCERP02,East of Chaucer P,good,5,3.16,0.282,502.57,0,,0,0,0.07959090275981455,3,0,0,2.922090343276011,2,0,4.922090343276011
ORIENTLVNT2,Pyroclastic Vent at Orientale,good,5,2.07,0.469,288.42,0,,0,0,0.07974481658692184,2,0,0,2.92193968066233,2,0,4.92193968066233
ORIENTLVNT,Pyroclastic Vent at Orientale Mosaic,good,5,2.07,0.469,551.14,0,,0,0,0.07983452480313533,2,0,0,2.9218518674061893,2,0,4.92185186740619
AUSTRDARK03,Australe Dark Halo Crater West of Van der Waals,good,3,1.42,0.227,286.45,0,,0,0,0.08029324489439693,1,0,0,2.921402837132586,2,0,4.921402837132586
MTMARILYN,Mount Marilyn,good,3,3.21,0.52,966.78,0,,0,0,0.08068019611493825,2,0,0,2.9210240597131074,2,0,4.921024059713107
ATLAS5,Atlas Crater,good,2,1.19,0.0,121.34,0,,0,0,0.08241305422778968,1,0,0,2.919327805794101,2,0,4.919327805794101
ROSSELAND2,Basin Massif NW of Rosseland,good,3,1.93,0.0,253.13,0,,0,0,0.08296132422075614,2,0,0,2.9187911172346936,2,0,4.918791117234694
SOSIGENES01,Sosigenes,good,5,2.67,0.347,637.0,0,,0,0,0.08320251177394035,3,0,0,2.918555024429824,2,0,4.918555024429824
THEOPHILUS5,Theophilus SW Rim,good,2,1.58,0.168,227.87,0,,0,0,0.08338087506034142,2,0,0,2.918380428817338,2,0,4.918380428817338
APOLLO17_11,Apollo 17,good,3,1.88,0.308,419.46,0,,0,0,0.08344061412291995,2,0,0,2.918321951658553,2,0,4.9183219516585535
WEIRDCRTR,Weird Crater SE of Koch,good,5,1.87,0.114,203.69,0,,0,0,0.08346016004713044,2,0,0,2.9183028186145394,2,0,4.918302818614539
MERSENIUS1,Mersenius-Gassendi Rille,good,2,1.13,0.196,154.28,0,,0,0,0.08426238008815141,2,0,0,2.9175175443451713,2,0,4.917517544345172
APOLLO17_7,Apollo 17,good,5,2.52,0.308,675.82,0,,0,0,0.08434198455209967,3,0,0,2.91743962141372,2,0,4.91743962141372
THEOPHILUS4,Theophilus SW Rim,good,5,1.68,0.186,224.35,0,,0,0,0.08468910184978828,2,0,0,2.917099836481421,2,0,4.917099836481421
BOLYAI,Bolyai Crater,good,3,2.47,0.431,294.05,0,,0,0,0.08501955449753443,2,0,0,2.9167763641817395,2,0,4.9167763641817395
GODDARDA01,Goddard A,good,5,3.14,0.262,926.96,0,,0,0,0.08522482091999654,3,0,0,2.916575433724156,2,0,4.916575433724156
TRNQUILRDGE,Small Dome in Eastern Tranquillitatis,good,5,4.46,0.202,688.61,0,,0,0,0.08567984780935507,3,0,0,2.9161300186387527,2,0,4.916130018638753
MARIUS10,Marius Hills,good,2,0.086,0.208,127.94,0,,0,0,0.08597780209473191,1,0,0,2.915838358219179,2,0,4.91583835821918
AUSTRDARK01,Australe Dark Halo Crater West of Van der Waals,good,2,1.43,0.234,149.89,0,,0,0,0.08673026886383349,2,0,0,2.9151017862537394,2,0,4.915101786253739
KOVALSKIY,Kovalskiy,good,3,2.72,0.178,391.98,0,,0,0,0.0867391193428236,2,0,0,2.9150931227286874,2,0,4.915093122728687
GRUITHUISE2,Gruithuisen Domes,good,2,0.87,0.609,103.56,0,,0,0,0.08690614136732329,1,0,0,2.9149296288098743,2,0,4.914929628809874
MARCH17,March 17 Impact Site,good,5,2.57,0.283,757.98,0,,0,0,0.0870735375603578,3,0,0,2.91476576862631,2,0,4.91476576862631
GRUITHUISE3,Gruithuisen Domes,good,2,0.9,0.609,114.48,0,,0,0,0.08735150244584207,1,0,0,2.914493675358632,2,0,4.9144936753586315
MRINGENII5,Mare Ingenii,good,3,1.44,0.173,352.18,0,,0,0,0.08802316996990175,2,0,0,2.9138361958676646,2,0,4.913836195867665
BUFFON3,Flow Front South of Buffon,good,2,1.03,0.295,283.66,0,,0,0,0.088133681167595,2,0,0,2.9137280190638104,2,0,4.913728019063811
CRISHORSE04,Crisium Horseshoe,good,5,1.52,0.364,451.62,0,,0,0,0.08857003675656526,2,0,0,2.9133008808737983,2,0,4.913300880873798
FRSHCRATER20,Fresh Crater Northeast of Lucretius C,good,5,1.79,0.203,535.26,0,,0,0,0.08967604528640287,2,0,0,2.9122182352207706,2,0,4.91221823522077
HSCARP,Highland Scarp,good,2,1.7,0.11,834.3,0,,0,0,0.08989572096368213,1,0,0,2.9120031998836406,2,0,4.912003199883641
HORTSVOLC01,Hortensius/T. Mayer topography,good,3,2.88,0.124,419.07,0,,0,0,0.09067697520700599,2,0,0,2.9112384485389398,2,0,4.91123844853894
VINGHIRAMI,Vallis Inghirami,good,3,2.02,0.155,450.13,0,,0,0,0.09108479772510164,2,0,0,2.9108392406987544,2,0,4.910839240698754
LORENTZU01,Lorentz U,good,4,2.09,0.201,766.78,0,,0,0,0.09129085265656381,3,0,0,2.9106375383883165,2,0,4.9106375383883165
JACKSONPK01,Jackson Crater Central Peak,good,5,3.37,0.179,866.95,0,,0,0,0.09227752465540111,2,0,0,2.9096717084496793,2,0,4.909671708449679
MASKELYNE,Maskelyne,good,5,3.9,1.149,595.67,0,,0,0,0.09233300317289775,3,0,0,2.9096174018379455,2,0,4.909617401837945
GIORDNBRNO8,Giordano Bruno,good,3,2.81,0.336,595.02,0,,0,0,0.09243386776915062,2,0,0,2.9095186678646248,2,0,4.909518667864624
FIRSOVSWRL,Firsov Swirls,good,5,3.32,0.457,517.36,0,,0,0,0.0927787227462502,3,0,0,2.9091810974645695,2,0,4.90918109746457
LADEE2,LADEE Impact Site - After Impact,good,5,2.45,0.249,689.51,0,,0,0,0.09281953851285696,3,0,0,2.9091411438737067,2,0,4.909141143873707
HORTENSIUS7,Hortensius,good,2,1.85,0.0,129.2,0,,0,0,0.09287925696594428,1,0,0,2.9090826868890667,2,0,4.909082686889066
AITKEN01,Small Wrinkle Ridges in Aitken Crater Floor,good,4,2.05,0.481,537.43,0,,0,0,0.09303537204845283,3,0,0,2.9089298695184134,2,0,4.908929869518413
LASELMASIF7,Lassell Massif,good,5,1.72,0.473,494.31,0,,0,0,0.09305901155145556,3,0,0,2.90890672936671,2,0,4.90890672936671
LASELMASIF,Lassell Massif,good,5,5.0,0.473,1864.64,0,,0,0,0.09385189634460271,4,0,0,2.908130593151216,2,0,4.908130593151216
TOBIASW,Tobias Mayer W,good,5,1.98,0.242,573.13,0,,0,0,0.09421946155322528,2,0,0,2.907770792241382,2,0,4.907770792241382
LASELMASIF4,Lassell Massif,good,5,1.83,0.473,349.89,0,,0,0,0.09431535625482294,2,0,0,2.907676923180672,2,0,4.907676923180672
ATLAS3,Atlas Crater,good,2,1.01,1.15,169.63,0,,0,0,0.09432293815952367,1,0,0,2.90766950143306,2,0,4.90766950143306
VITELLO,Vitello Graben,good,5,1.54,0.248,349.53,0,,0,0,0.09441249678139216,2,0,0,2.9075818346112934,2,0,4.907581834611293
VINGHIRAM02,Vallis Inghirami,good,3,1.31,0.155,294.79,0,,0,0,0.09498286916109773,2,0,0,2.9070235105470243,2,0,4.907023510547024
CHAPLYGIN,Chaplygin,good,5,2.68,0.268,483.69,0,,0,0,0.0951022349025202,2,0,0,2.906906666239241,2,0,4.906906666239241
LASELMASIF6,Lassell Massif,good,5,1.75,0.473,491.87,0,,0,0,0.09555370321426393,2,0,0,2.906464734561498,2,0,4.906464734561498
NEWCRATER3,Unnamed New 43m Impact Crater,good,5,3.399,0.31,624.7,0,,0,0,0.09604610212902193,2,0,0,2.9059827368822426,2,0,4.905982736882242
MOSCOVNSE1,Moscoviense UV Anomaly,good,2,1.94,0.394,218.5,0,,0,0,0.09610983981693363,2,0,0,2.905920345563469,2,0,4.9059203455634695
GASSENDI01,Depression in NE Gassendi Crater,good,3,2.22,0.187,330.16,0,,0,0,0.0969227041434456,2,0,0,2.905124651854191,2,0,4.905124651854191
MRINGENII2,Mare Ingenii,good,2,1.48,0.517,164.42,0,,0,0,0.09731176255929937,2,0,0,2.904743811750942,2,0,4.904743811750942
MTMARILYN02,Mount Marilyn,good,3,3.21,0.209,491.71,0,,0,0,0.0976185149783409,2,0,0,2.904443539045921,2,0,4.904443539045921
CHAPLYGIN1,Chaplygin,good,5,2.68,0.268,388.28,0,,0,0,0.09786751828577316,2,0,0,2.904199795583634,2,0,4.904199795583634
LUNA20_1,Luna 20,good,2,0.78,0.297,122.45,0,,0,0,0.09799918334013882,2,0,0,2.904070911768619,2,0,4.904070911768619
BUFFON,Flow Front South of Buffon,good,2,2.04,0.295,631.14,0,,0,0,0.09823493994993188,2,0,0,2.903840135186089,2,0,4.903840135186089
CRISHORSE03,Crisium Horseshoe,good,5,3.13,0.532,416.57,0,,0,0,0.09842283409751063,3,0,0,2.9036562100384815,2,0,4.9036562100384815
VINGHIRAM03,Vallis Inghirami,good,3,2.02,0.155,223.25,0,,0,0,0.09854423292273236,2,0,0,2.903537375592939,2,0,4.903537375592939
OBLIVIONIS1,Lacus Oblivionis,good,5,1.56,0.87,454.12,0,,0,0,0.09909275081476261,3,0,0,2.9030004443709876,2,0,4.903000444370988
GRUITHUIS10,Gruithuisen Domes,good,2,0.86,0.609,110.96,0,,0,0,0.0991348233597693,2,0,0,2.9029592605494035,2,0,4.9029592605494035
A17SIVB,Apollo 17 SIVB Impact,good,2,0.9,0.978,140.94,0,,0,0,0.09933304952462041,2,0,0,2.902765221633877,2,0,4.902765221633877
APOLLO17_5,Apollo 17,good,2,0.84,0.308,119.89,0,,0,0,0.10009175077154057,2,0,0,2.9020225468852066,2,0,4.902022546885206
KARRER,Karrer Lobate Scarps,good,2,1.37,0.226,498.7,0,,0,0,0.10026067776218167,2,0,0,2.901857188239986,2,0,4.901857188239986
MOSCOVNSE2,Moscoviense UV Anomaly,good,5,4.65,0.394,1222.52,0,,0,0,0.10061185093086412,4,0,0,2.901513433111271,2,0,4.901513433111271
RUMKERDOME4,Rumker Domes,good,2,0.91,0.206,118.8,0,,0,0,0.10101010101010101,2,0,0,2.901123595505618,2,0,4.901123595505618
ATLASVENT3,Atlas Crater,good,5,2.84,0.29,768.06,0,,0,0,0.10155456604952738,3,0,0,2.9005906315254517,2,0,4.900590631525452
HAHNCRATER2,Hahn Crater,good,5,2.64,0.252,649.87,0,,0,0,0.10155877329312016,3,0,0,2.9005865131539705,2,0,4.9005865131539705
KUGLERRIDGE,Kugler Anuchin Wrinkle Ridge,good,2,2.01,0.193,157.47,0,,0,0,0.10160665523591796,2,0,0,2.9005396426499646,2,0,4.9005396426499646
A15SIVB,Apollo 15 SIVB Impact,good,5,5.0,0.221,541.11,0,,0,0,0.10164291918463898,2,0,0,2.9005041447262276,2,0,4.900504144726227
MTMARILYN01,Mount Marilyn,good,3,2.26,0.209,343.33,0,,0,0,0.10194273730812921,2,0,0,2.900210659839503,2,0,4.900210659839503
AESTUUM,Sinus Aestuum Photometric Site,good,5,2.89,0.219,862.91,0,,0,0,0.10198050781657415,3,0,0,2.9001736871800006,2,0,4.900173687180001
KARRER2,Karrer Lobate Scarps,good,2,1.37,0.226,235.22,0,,0,0,0.10203214012413911,2,0,0,2.9001231455324157,2,0,4.900123145532415
HAHNCRATER1,Hahn Crater,good,5,3.07,0.252,762.45,0,,0,0,0.10230179028132992,3,0,0,2.8998591913560734,2,0,4.899859191356073
HIPPALUS01,Graben of Rimae Hippalus,good,3,0.77,0.191,214.65,0,,0,0,0.1024924295364547,2,0,0,2.8996725790874613,2,0,4.899672579087461
PARACELSUSC,Paracelsus C,good,3,2.87,0.132,398.86,0,,0,0,0.10279295993581708,3,0,0,2.8993783969706923,2,0,4.899378396970692
PSDONIUSY01,Posidonius Y,good,4,3.28,0.181,816.48,0,,0,0,0.102880658436214,2,0,0,2.899292550977944,2,0,4.899292550977944
CHAPLYGIN2,Chaplygin,good,2,1.29,0.268,174.19,0,,0,0,0.10333543831448419,2,0,0,2.8988473776858665,2,0,4.8988473776858665
BUFFON1,Flow Front South of Buffon,good,2,1.83,0.295,221.86,0,,0,0,0.10366898043811412,2,0,0,2.8985208811711405,2,0,4.898520881171141
SULPICIUS,Sulpicius Gallus,good,2,0.97,0.71,298.73,0,,0,0,0.10377263749874469,2,0,0,2.8984194137203296,2,0,4.89841941372033
SNASCONE01,Sinas Cones,good,5,4.3,0.531,623.4,0,,0,0,0.1042669233237087,3,0,0,2.8979355689891966,2,0,4.897935568989197
NEWCRATER13,Unnamed new 47m crater east of Ley Crater,good,4,2.01,0.116,104.88,0,,0,0,0.10488176964149505,1,0,0,2.8973337104363255,2,0,4.8973337104363255
ARAGO2_1,Arago 2,good,5,2.09,0.202,610.12,0,,0,0,0.10489739723333115,2,0,0,2.897318412955418,2,0,4.897318412955418
REINER,Reiner Gamma,good,5,2.54,0.335,3000.16,0,,0,0,0.10499440029865074,3,0,0,2.897223458943613,2,0,4.897223458943613
SULPICIUS1,Sulpicius Gallus,good,2,0.97,0.71,123.77,0,,0,0,0.10503352993455603,2,0,0,2.8971851558663086,2,0,4.897185155866309
KARRER3,Karrer Lobate Scarps,good,2,0.94,0.226,237.92,0,,0,0,0.1050773369199731,2,0,0,2.897142274241932,2,0,4.897142274241932
HAHNCRATER,Hahn Crater,good,5,3.07,0.252,1164.11,0,,0,0,0.10566011803008307,3,0,0,2.8965718035642603,2,0,4.89657180356426
RUMKERDOM12,Rumker Domes,good,5,4.46,0.206,1201.81,0,,0,0,0.10567394180444496,3,0,0,2.8965582717977165,2,0,4.8965582717977165
ATLASVENT,Atlas Crater,good,5,3.36,0.29,2236.09,0,,0,0,0.10598857827726074,5,0,0,2.8962502815784834,2,0,4.896250281578483
ATLASVENT1,Atlas Crater,good,5,3.36,0.29,1009.23,0,,0,0,0.10602142227242552,3,0,0,2.8962181313665876,2,0,4.896218131366588
INACALDERA1,Ina Caldera,good,2,0.84,0.254,113.11,0,,0,0,0.10609141543630095,1,0,0,2.896149616709994,2,0,4.8961496167099945
NECTRIMII1,Nectaris Basin Rim II,good,5,2.88,0.272,422.72,0,,0,0,0.10645344436033308,2,0,0,2.8957952351385146,2,0,4.895795235138515
FRAUNHOFRE,Copernican crater on SE rim of Fraunhofer E,good,2,4.03,0.196,178.19,0,,0,0,0.1066277568887143,1,0,0,2.895624604717474,2,0,4.895624604717474
MONSESAM1,Mons Esam,good,5,2.36,0.23,700.17,0,,0,0,0.10711684305240157,3,0,0,2.895145849812076,2,0,4.895145849812076
HPONDS25,Highland Ponds,good,5,2.637,0.507,947.23,0,,0,0,0.10768240026181602,3,0,0,2.894592239204389,2,0,4.894592239204389
APOLLO17_9,Apollo 17,good,5,2.09,0.308,565.9,0,,0,0,0.10779289627142605,3,0,0,2.8944840772677907,2,0,4.894484077267791
CHANGE4,Chang'e 4 Landing Site in Von Karman Crater,good,5,1.5,0.358,222.36,0,,0,0,0.10793308148947652,2,0,0,2.8943468532655823,2,0,4.894346853265582
GARDNER01,Gardner Crater,good,3,1.72,0.392,441.18,0,,0,0,0.10879912960696314,3,0,0,2.8934990991982175,2,0,4.893499099198218
LUNA20,Luna 20,good,2,0.89,0.297,182.8,0,,0,0,0.10940919037199125,2,0,0,2.892901925110024,2,0,4.892901925110024
GRUITHUIS15,Gruithuisen Domes,good,3,2.03,0.609,464.67,0,,0,0,0.10975531022015624,2,0,0,2.892563116557528,2,0,4.892563116557528
REINER2,Reiner Gamma,good,2,0.81,0.335,118.1,0,,0,0,0.1100762066045724,1,0,0,2.8922489986585354,2,0,4.892248998658536
GRUITHUISE5,Gruithuisen Domes,good,2,1.22,0.609,135.69,0,,0,0,0.11054609772275038,1,0,0,2.8917890333302694,2,0,4.891789033330269
REINERPHOT,Reiner Gamma Photometric Series,good,5,1.85,0.377,587.74,0,,0,0,0.1105931194065403,3,0,0,2.8917430049135078,2,0,4.891743004913508
DALEMBERT,Lobate Scarp near D'Alembert,good,2,1.84,0.24,171.72,0,,0,0,0.11064523643139995,2,0,0,2.8916919887876005,2,0,4.891691988787601
GRUITHUIS18,Gruithuisen Domes,good,5,3.26,0.609,1138.97,0,,0,0,0.1115042538433848,4,0,0,2.890851116911959,2,0,4.890851116911959
FRSHCRATER14,Fresh Unnamed Crater West of Piazzi M,good,3,1.96,0.338,276.39,0,,0,0,0.11216035312420855,2,0,0,2.8902088768069545,2,0,4.8902088768069545
FRSHCRATER5,Unnamed Fresh Crater Northeast of Arago,good,2,0.77,0.0,133.62,0,,0,0,0.11225864391558149,1,0,0,2.8901126622705005,2,0,4.8901126622705
REINER5,Reiner Gamma,good,5,2.54,0.335,745.51,0,,0,0,0.11267454494238843,3,0,0,2.889705546568754,2,0,4.889705546568754
MARENUBIUM,Bouldered Ridge in Mare Nubium,good,5,1.41,0.244,396.48,0,,0,0,0.11349878934624696,3,0,0,2.8888987131702804,2,0,4.88889871317028
HSCARP1,Highland Scarp,good,2,0.93,0.11,193.04,0,,0,0,0.11396601740571903,1,0,0,2.8884413546473455,2,0,4.8884413546473455
SEPTIMPACT,September 11 Impact,good,5,1.71,0.298,523.74,0,,0,0,0.11456065986940085,3,0,0,2.887859273170537,2,0,4.8878592731705375
FECNDITATS3,Non-Bouldered Ridge in Mare Fecunditatis,good,2,0.76,0.539,121.91,0,,0,0,0.11483881551964564,2,0,0,2.887586993167736,2,0,4.887586993167735
WOLFCTR01,Wolf Crater,good,5,0.79,0.201,226.38,0,,0,0,0.11485113525929852,2,0,0,2.88757493366528,2,0,4.88757493366528
MRINGENII,Mare Ingenii,good,2,2.25,0.517,695.1,0,,0,0,0.11509135376204863,2,0,0,2.8873397894410147,2,0,4.887339789441015
RUMKERDOME2,Rumker Domes,good,2,1.03,0.206,130.18,0,,0,0,0.11522507297587954,1,0,0,2.887208894857768,2,0,4.887208894857768
HSCARP2,Highland Scarp,good,2,0.94,0.11,190.67,0,,0,0,0.11538259820632507,1,0,0,2.8870546971265725,2,0,4.8870546971265725
ATLASVENT2,Atlas Crater,good,5,2.61,0.29,554.58,0,,0,0,0.11540264704821666,2,0,0,2.8870350717883073,2,0,4.887035071788308
NEWCRATER10,Unnamed new 20m crater north of Nicolaev,good,5,4.31,0.208,961.43,0,,0,0,0.1154530231010058,4,0,0,2.8869857598588804,2,0,4.886985759858881
BUFFON2,Flow Front South of Buffon,good,2,1.51,0.295,250.49,0,,0,0,0.11577308475388239,2,0,0,2.886672459058896,2,0,4.886672459058897
MTMARILYN03,Mount Marilyn,good,3,2.06,0.52,301.11,0,,0,0,0.1162365912789346,2,0,0,2.886218743458193,2,0,4.886218743458193
ARISTARCHU5,Aristarchus,good,2,0.99,0.0,128.12,0,,0,0,0.11707773961910709,1,0,0,2.885395363195319,2,0,4.885395363195319
HPONDS19,Highland Ponds,good,5,2.174,0.507,732.45,0,,0,0,0.11741415796300088,3,0,0,2.8850660512164423,2,0,4.885066051216443
FECUNDITATIS,Bouldered ridge in Mare Fecunditatis,good,3,0.73,0.158,118.95,0,,0,0,0.11769651113913408,2,0,0,2.884789662354591,2,0,4.884789662354591
HORTENSIUS5,Hortensius,good,2,0.86,0.735,127.1,0,,0,0,0.11801730920535013,1,0,0,2.884475640696965,2,0,4.884475640696965
MRINGENII6,Mare Ingenii,good,3,2.46,0.133,312.74,0,,0,0,0.11830913858156936,2,0,0,2.884189975806446,2,0,4.884189975806446
NECTRIMII3,Nectaris Basin Rim II,good,5,2.05,0.272,295.52,0,,0,0,0.11843530048727667,2,0,0,2.884066478893803,2,0,4.8840664788938035
FRESH1,Unnamed Fresh Crater West of Isaev Crater,good,2,1.29,0.433,185.22,0,,0,0,0.11877766979807797,1,0,0,2.8837313416538364,2,0,4.883731341653837
JENNER,Jenner Crater,good,2,1.699,0.125,227.12,0,,0,0,0.11887988728425501,2,0,0,2.883631283368491,2,0,4.883631283368491
NECTRIMI1,Nectaris Basin Rim I,good,3,2.5166,0.171,369.84,0,,0,0,0.11897036556348692,2,0,0,2.883542716315832,2,0,4.883542716315832
MRECRISIUM2,Mare Crisium,good,2,0.91,0.83,142.19,0,,0,0,0.11955833743582531,2,0,0,2.8829671645234933,2,0,4.882967164523493
NECTRIMII,Nectaris Basin Rim II,good,5,2.88,0.272,918.59,0,,0,0,0.11974874535973612,2,0,0,2.8827807786995483,2,0,4.882780778699548
TSINGER01,Tsinger,good,5,4.12,0.32,758.25,0,,0,0,0.12001318826244642,3,0,0,2.8825219217817493,2,0,4.882521921781749
VINGHIRAM01,Vallis Inghirami,good,2,1.78,0.155,207.62,0,,0,0,0.12041229168673538,2,0,0,2.88213124885676,2,0,4.88213124885676
GRUITHUISE7,Gruithuisen Domes,good,2,1.21,0.609,140.89,0,,0,0,0.12066150897863583,1,0,0,2.8818872959301265,2,0,4.8818872959301265
LAMONTIMP1,Ring of IMPs SW of Lamont Crater,good,5,3.49,0.126,520.34,0,,0,0,0.12107468193873236,3,0,0,2.8814828506685126,2,0,4.881482850668513
AESTUUM2,Sinus Aestuum Photometric Site,good,5,2.89,0.219,600.67,0,,0,0,0.12153095709790734,3,0,0,2.8810362136812397,2,0,4.88103621368124
ARISTARCH14,Aristarchus SW Rim,good,4,1.77,0.445,517.79,0,,0,0,0.1216709476814925,2,0,0,2.8808991802021167,2,0,4.880899180202117
CLEOMEDES01,Cleomedes Central Peak,good,4,2.77,0.262,557.63,0,,0,0,0.12194465864462099,2,0,0,2.8806312509986585,2,0,4.8806312509986585
PITISCUS,Pitiscus Lobate Scarp,good,2,1.079,0.094,131.09,0,,0,0,0.12205355099549928,2,0,0,2.880524658845754,2,0,4.880524658845754
RUMKERDOME5,Rumker Domes,good,2,0.99,0.206,130.91,0,,0,0,0.12222137346268429,1,0,0,2.8803603813924825,2,0,4.8803603813924825
THEOPHILUS,Theophilus SW Rim,good,3,2.38,0.168,554.98,0,,0,0,0.12252693790767234,2,0,0,2.8800612715672314,2,0,4.880061271567231
FRSHCRATER21,Fresh Crater on NE Rim of Chaplygin Crater,good,3,2.23,0.139,333.0,0,,0,0,0.12312312312312312,2,0,0,2.879477679927118,2,0,4.879477679927118
MONSESAM,Mons Esam,good,5,2.36,0.23,1254.93,0,,0,0,0.12351286525941685,3,0,0,2.879096170546063,2,0,4.879096170546063
NECTRIMI,Nectaris Basin Rim I,good,3,2.5166,0.171,819.12,0,,0,0,0.12452387928508643,2,0,0,2.878106512771722,2,0,4.878106512771722
NRTHCRISM01,North Crisium,good,5,2.41,0.239,646.79,0,,0,0,0.1252338471528626,3,0,0,2.877411541978007,2,0,4.877411541978007
CHAPLYGIN3,Ray of Chaplygin B in Chaplygin Crater,good,5,3.62,0.195,541.14,0,,0,0,0.12566064234763646,3,0,0,2.876993762232291,2,0,4.876993762232291
CRISMMELT,West Crisium Impact Melt,good,5,3.39,0.195,1097.4,0,,0,0,0.12575177692728265,3,0,0,2.876904552742642,2,0,4.8769045527426425
ANDERSON01,Anderson Crater Floor,good,4,2.25,0.139,79.46,0,,0,0,0.12584948401711554,1,0,0,2.8768089095778526,2,0,4.876808909577853
HANSTEENAL1,Hansteen Alpha,good,2,0.88,0.0,127.1,0,,0,0,0.12588512981904013,1,0,0,2.8767740167434295,2,0,4.876774016743429
RUMKERDOM11,Rumker Domes,good,5,2.19,0.206,595.74,0,,0,0,0.1258938463087924,3,0,0,2.876765484377281,2,0,4.876765484377281
PITVENT,Vent and Collapsed Pits,good,5,2.52,0.393,983.83,0,,0,0,0.1260380350263765,2,0,0,2.8766243414438435,2,0,4.8766243414438435
SHARPRIDGE,Wrinkle Ridge West of Sharp W,good,5,2.46,0.123,638.79,0,,0,0,0.12680223547644767,3,0,0,2.8758762836549647,2,0,4.875876283654964
APOLLO17_1,Apollo 17,good,2,0.93,0.308,125.76,0,,0,0,0.1272264631043257,2,0,0,2.8754610172399007,2,0,4.875461017239901
PETAVIUSB,Petavius B,good,5,3.64,0.0,408.18,0,,0,0,0.12739477681415062,2,0,0,2.8752962589208,2,0,4.8752962589208
HLNDPHOTOM2,Highland Photometry Site SE of Schuster Crater,good,5,2.38,0.254,713.65,0,,0,0,0.12751348700343307,3,0,0,2.8751800563175385,2,0,4.8751800563175385
NUBIUMIMP01,Nubium IMP,good,3,1.81,0.152,243.11,0,,0,0,0.12751429394101435,2,0,0,2.87517926642538,2,0,4.875179266425381
ENDYMION,Endymion Smooth Plains,good,2,2.0,0.0,117.34,0,,0,0,0.12783364581557866,2,0,0,2.874866660410638,2,0,4.874866660410638
MAUROLYCS,Maurolycus Lobate Scarp,good,2,1.77,0.0,233.1,0,,0,0,0.1287001287001287,2,0,0,2.874018480760054,2,0,4.8740184807600535
LASELMASIF5,Lassell Massif,good,5,2.9,0.473,341.79,0,,0,0,0.12873401796424705,2,0,0,2.8739853073590425,2,0,4.8739853073590425
GRUITHUI_2M,Gruithuisen Domes,good,2,1.22,0.609,1186.03,0,,0,0,0.1290017959073548,3,0,0,2.8737231858488905,2,0,4.87372318584889
SPARIM2,SPA Rim,good,2,1.98,0.546,162.58,0,,0,0,0.12916717923483823,2,0,0,2.8735612960119203,2,0,4.87356129601192
RUMKERDOME9,Rumker Domes,good,5,2.1,0.206,563.17,0,,0,0,0.12962338192730438,3,0,0,2.8731147299605984,2,0,4.873114729960598
BARRINGERZ1,Barringer Z (1),good,4,2.08,0.526,185.1,0,,0,0,0.12965964343598055,2,0,0,2.8730792344253637,2,0,4.873079234425363
INGHIRAMI03,NW Ponded Floor of Inghirami Crater,good,2,1.04,0.181,115.43,0,,0,0,0.1299488867712033,2,0,0,2.872796100949357,2,0,4.872796100949357
HPONDS13,Highland Ponds,good,5,2.307,0.507,787.75,0,,0,0,0.13075214217708664,3,0,0,2.872009813185755,2,0,4.872009813185755
CRISMMELT02,West Crisium Impact Melt,good,3,3.39,0.195,481.82,0,,0,0,0.13075422356896765,2,0,0,2.8720077757603546,2,0,4.872007775760355
OPNHEIMRE2,Oppenheimer E,good,3,1.87,0.18,221.76,0,,0,0,0.1307720057720058,2,0,0,2.8719903691813804,2,0,4.871990369181381
LUNA20_2,Luna 20,good,2,0.89,0.297,129.96,0,,0,0,0.13080947983995075,2,0,0,2.871953686700489,2,0,4.871953686700489
VSCHROTERI,Vallis Schroteri,good,5,3.02,0.235,851.72,0,,0,0,0.13149861456816794,3,0,0,2.871279108975519,2,0,4.87127910897552
OCNSPRCLRM3,Oceanus Procellarum West of Herodotus,good,5,2.63,0.211,737.12,0,,0,0,0.13159322769698284,3,0,0,2.871186494416167,2,0,4.8711864944161665
ROSSELAND1,Rosseland,good,3,1.96,0.0,257.74,0,,0,0,0.1319158842244122,3,0,0,2.8708706535547104,2,0,4.870870653554711
VSCHROTERI2,Vallis Schroteri,good,4,1.72,0.15,477.44,0,,0,0,0.13195375335120643,3,0,0,2.8708335843600326,2,0,4.8708335843600326
CRISHORSE01,Crisium Horseshoe,good,3,2.38,0.239,158.38,0,,0,0,0.13259249905291073,1,0,0,2.8702083312641617,2,0,4.870208331264162
MONSESAM2,Mons Esam,good,5,2.31,0.23,684.18,0,,0,0,0.1330059341109065,3,0,0,2.8698036294410993,2,0,4.869803629441099
FRSHCRATER16,Fresh Crater East of Stein M,good,5,4.1,0.217,638.97,0,,0,0,0.13302658966774653,3,0,0,2.869783410203887,2,0,4.869783410203887
KARRER1,Karrer Lobate Scarps,good,2,1.32,0.226,157.68,0,,0,0,0.13318112633181126,2,0,0,2.8696321379098046,2,0,4.869632137909805
SPARIM3,SPA Rim,good,2,2.72,0.546,217.55,0,,0,0,0.13330268903700299,2,0,0,2.869513143046026,2,0,4.869513143046026
HLNDPHOTOM,Highland Photometry Site SE of Schuster Crater,good,5,2.83,0.254,974.14,0,,0,0,0.13345104399778265,3,0,0,2.869367921875429,2,0,4.869367921875429
GRUITHMARE3,Crater Cluster in Mare SW of Gruithuisen Domes,good,3,1.86,0.679,359.19,0,,0,0,0.13363400985550822,2,0,0,2.8691888209144736,2,0,4.869188820914474
MAREMELT1,Mare Melt near Reinhold N,good,5,1.68,0.246,515.43,0,,0,0,0.13386880856760375,2,0,0,2.868958981995397,2,0,4.868958981995397
REINER4,Reiner Gamma,good,2,0.87,0.335,141.07,0,,0,0,0.13468490820160206,2,0,0,2.86816012131996,2,0,4.86816012131996
SPAWRINKLE1,Small Wrinkle Ridges in SPA Basin,good,4,2.46,0.297,252.41,0,,0,0,0.13470147775444713,2,0,0,2.868143901775647,2,0,4.868143901775647
AUSTRDARK02,Australe Dark Halo Crater West of Van der Waals,good,3,1.61,0.234,326.08,0,,0,0,0.1349362119725221,3,0,0,2.8679141259882455,2,0,4.8679141259882455
FOWLERSCRP,Fowler Scarp,good,2,1.81,0.283,207.02,0,,0,0,0.13525263259588444,2,0,0,2.867604389306141,2,0,4.867604389306141
ARISTARCHU3,Aristarchus,good,2,0.86,0.0,118.18,0,,0,0,0.13538669825689625,1,0,0,2.8674731555939235,2,0,4.867473155593924
ARISTPLAT1,Aristarchus Plateau,good,2,1.0,0.132,132.82,0,,0,0,0.1355217587712694,2,0,0,2.867340948043225,2,0,4.867340948043225
KOROLEVM01,Korolev M,good,5,4.14,0.194,441.03,0,,0,0,0.1360451669954425,3,0,0,2.8668285960826636,2,0,4.866828596082664
NEWCRATER2,Unnamed New Crater 2,good,2,1.75,0.0,226.9,0,,0,0,0.1366240634640811,2,0,0,2.866261927988868,2,0,4.866261927988868
INACALDER2M,Ina Caldera,good,2,0.84,0.254,218.9,0,,0,0,0.13704888076747374,1,0,0,2.865846084354356,2,0,4.865846084354356
HORTENSIUS1,Hortensius,good,5,4.84,0.735,649.16,0,,0,0,0.1371002526341734,3,0,0,2.865795797646189,2,0,4.865795797646189
VAPORDOME01,Vaporum Dome,good,5,3.1,0.178,835.57,0,,0,0,0.13763059947101977,3,0,0,2.865276653641402,2,0,4.865276653641402
GRUITHUIS11,Gruithuisen Domes,good,2,1.08,0.609,122.49,0,,0,0,0.13878683974201977,2,0,0,2.864144837322194,2,0,4.864144837322193
ORIENTFLOW1,Orientale Chain Flow,good,5,2.79,0.205,827.99,0,,0,0,0.13889056631118732,3,0,0,2.864043301831116,2,0,4.864043301831116
NECTRIMII2,Nectaris Basin Rim II,good,5,2.25,0.272,337.81,0,,0,0,0.13913146443266924,2,0,0,2.863807492344111,2,0,4.863807492344111
INGHIRAMINW,NW Ponded Floor of Inghirami Crater,good,2,1.45,0.181,243.63,0,,0,0,0.13955588392234125,2,0,0,2.8633920381200633,2,0,4.863392038120063
SPARIM,SPA Rim,good,2,2.72,0.546,573.12,0,,0,0,0.13958682300390843,2,0,0,2.8633617525831405,2,0,4.86336175258314
HPONDS24,Highland Ponds,good,5,3.929,0.507,985.45,0,,0,0,0.1400375462986453,3,0,0,2.8629205501849664,2,0,4.862920550184967
NEWCRATER9,Unnamed New 20m Crater,good,5,3.13,0.28,364.18,0,,0,0,0.14004063924432972,2,0,0,2.8629175225734156,2,0,4.862917522573415
INACALDERA,Ina Caldera,good,5,2.68,0.254,970.31,0,,0,0,0.14016139172017192,3,0,0,2.8627993208240294,2,0,4.862799320824029
SPARIM4,SPA Rim,good,2,2.67,0.546,213.83,0,,0,0,0.14029836786232053,2,0,0,2.8626652381105018,2,0,4.862665238110502
VITELLO2,Vitello Graben 2,good,3,2.52,0.168,325.89,0,,0,0,0.14115192242781308,3,0,0,2.8618297136863924,2,0,4.861829713686392
HLNDPHOTOM1,Highland Photometry Site SE of Schuster Crater,good,5,2.83,0.254,685.86,0,,0,0,0.14142827982387077,3,0,0,2.8615591939521843,2,0,4.861559193952184
RUMKERDOME3,Rumker Domes,good,2,0.92,0.206,113.05,0,,0,0,0.14153029632905795,1,0,0,2.8614593324023874,2,0,4.861459332402387
INACALDERA2,Ina Caldera,good,5,2.68,0.254,755.81,0,,0,0,0.1415699712890806,3,0,0,2.861420495520172,2,0,4.861420495520171
COPERNSEC01,Secondaries NE of Copernicus,good,4,3.71,0.147,539.4,0,,0,0,0.14275120504263997,3,0,0,2.8602642136706202,2,0,4.86026421367062
HPONDS23,Highland Ponds,good,5,2.811,0.507,1118.36,0,,0,0,0.14306663328445224,3,0,0,2.859955448407399,2,0,4.8599554484073995
THEOPHILUS3,Theophilus SW Rim,good,3,2.38,0.168,342.2,0,,0,0,0.14319111630625367,2,0,0,2.8598335949145977,2,0,4.859833594914598
MNDLSHTMTY,Mandelshtam T-Y Lobate Scarp,good,5,2.64,0.0,809.52,0,,0,0,0.14329479197549166,3,0,0,2.8597321092482604,2,0,4.85973210924826
HSCARP3,Highland Scarp,good,2,1.72,0.11,180.77,0,,0,0,0.14382917519499916,1,0,0,2.8592090141237265,2,0,4.859209014123726
ARISTARCH12,Secondaries NW of Aristarchus Crater,good,5,2.69,0.208,688.22,0,,0,0,0.14384935049838715,3,0,0,2.859189264995287,2,0,4.859189264995287
HPONDS21,Highland Ponds,good,5,2.585,0.507,882.14,0,,0,0,0.14396807762940123,3,0,0,2.859073045808164,2,0,4.859073045808164
CRISHORSE,Crisium Horseshoe,good,4,2.11,0.239,270.48,0,,0,0,0.14418811002661933,1,0,0,2.8588576612863026,2,0,4.858857661286303
ARAGO2_2,Arago 2,good,3,1.55,0.202,462.75,0,,0,0,0.14478660183684494,2,0,0,2.8582718117749897,2,0,4.85827181177499
DOLLANDB,Dolland B,good,5,2.61,0.18,399.4,0,,0,0,0.14521782674011016,3,0,0,2.8578496958921527,2,0,4.857849695892153
BIRTVENT,Birt Vent,good,3,2.49,0.242,350.49,0,,0,0,0.14551057091500472,3,0,0,2.8575631355267954,2,0,4.857563135526796
REINER7,Reiner Gamma,good,5,2.37,0.335,700.17,0,,0,0,0.14567890655126614,3,0,0,2.8573983557444236,2,0,4.857398355744424
INGHIRAMI02,NW Ponded Floor of Inghirami Crater,good,2,1.45,0.181,149.96,0,,0,0,0.14670578821018937,2,0,0,2.8563931655182957,2,0,4.856393165518296
HESIODUS,Hesiodus Cones,good,3,2.6,0.167,340.04,0,,0,0,0.14704152452652627,3,0,0,2.8560645211601017,2,0,4.856064521160102
RUMKERDOME8,Rumker Domes,good,5,2.12,0.206,562.31,0,,0,0,0.1476054133840764,3,0,0,2.8555125436626883,2,0,4.855512543662688
RANGER,Ranger 6,good,2,0.9,0.694,127.89,0,,0,0,0.14856517319571508,2,0,0,2.8545730574290933,2,0,4.854573057429093
AESTUUM1,Sinus Aestuum,good,5,3.97,0.219,611.77,0,,0,0,0.14874871275152426,2,0,0,2.8543933948886204,2,0,4.85439339488862
MOROZOVE,Morozov E,good,5,5.0,0.343,745.98,0,,0,0,0.14879755489423308,3,0,0,2.854345584467578,2,0,4.854345584467578
GAUSSB01,Pyroclastic deposit in Gauss B,good,5,2.42,0.318,876.46,0,,0,0,0.14946489286447756,3,0,0,2.853692343074682,2,0,4.853692343074682
ORIENTALE1,Orientale Light Plains Flow,good,2,0.95,0.171,133.54,0,,0,0,0.14976785981728322,2,0,0,2.8533957758732393,2,0,4.853395775873239
BIRKEJECT01,Birkeland East Ejecta,good,3,2.05,0.243,266.61,0,,0,0,0.15003188177487714,2,0,0,2.853137331008682,2,0,4.853137331008682
BROUWERFLW1,Light Plains Flow and Scarp in Brouwer Crater,good,3,2.42,0.151,285.25,0,,0,0,0.15074496056091147,2,0,0,2.8524393150104874,2,0,4.852439315010487
REINER_2M,Reiner Gamma,good,2,0.91,0.335,377.46,0,,0,0,0.15100937847718965,2,0,0,2.8521804825513173,2,0,4.852180482551317
CRISMMELT01,West Crisium Impact Melt,good,5,2.07,0.195,615.58,0,,0,0,0.1527015172682673,3,0,0,2.8505240878156015,2,0,4.850524087815602
RUMKERDOME7,Rumker Domes,good,2,0.98,0.206,130.55,0,,0,0,0.15319800842589046,2,0,0,2.850038084336364,2,0,4.850038084336364
HELMET1,Helmet 1,good,5,2.29,0.167,339.3,0,,0,0,0.1532567049808429,2,0,0,2.8499806276636965,2,0,4.8499806276636965
HELLCRTR,Hell Crater,good,2,1.85,0.0,260.62,0,,0,0,0.15348016268897244,2,0,0,2.849761890185806,2,0,4.849761890185806
INACALDERA3,Ina Caldera,good,2,0.78,0.254,116.94,0,,0,0,0.1539250897896357,1,0,0,2.8493263615452467,2,0,4.849326361545247
CMPTNCRTR,Compton Crater,good,2,1.94,0.0,155.14,0,,0,0,0.15469898156503806,2,0,0,2.8485688171466728,2,0,4.848568817146672
HUBBLEC01,Weird Terrain NW of Hubble C,good,4,2.67,0.381,567.53,0,,0,0,0.1550578824026924,3,0,0,2.8482174975851398,2,0,4.848217497585139
ORIENTALE4,Orientale Light Plains Flow,good,5,2.63,0.171,741.16,0,,0,0,0.15516217820713477,3,0,0,2.8481154048830835,2,0,4.8481154048830835
JANSENU01,Tranquillitatis near Jansen U,good,4,2.06,0.161,605.23,0,,0,0,0.15531285626951738,3,0,0,2.847967909683142,2,0,4.847967909683142
HANSTEENAL3,Hansteen Alpha,good,5,5.0,0.0,494.59,0,,0,0,0.15568450635880224,2,0,0,2.8476041101800127,2,0,4.847604110180013
HSCARP6,Highland Scarp,good,2,1.68,0.11,173.4,0,,0,0,0.15570934256055363,2,0,0,2.847579798608141,2,0,4.847579798608141
HANSTEENAL,Hansteen Alpha,good,5,5.0,0.0,693.06,0,,0,0,0.1558306640117739,2,0,0,2.8474610399021825,2,0,4.847461039902182
HPONDS3,Highland Ponds,good,2,1.37,0.507,158.97,0,,0,0,0.1572623765490344,2,0,0,2.8460595702814397,2,0,4.84605957028144
ARISTARCHU2,Aristarchus,good,2,0.88,0.4,120.61,0,,0,0,0.15753254290688998,1,0,0,2.8457951108084467,2,0,4.845795110808447
NASSAU03,East of Nassau D (2),good,4,2.84,0.681,735.94,0,,0,0,0.15898035165910263,3,0,0,2.844377884982685,2,0,4.844377884982685
SPARIM1,SPA Rim,good,2,2.37,0.546,181.67,0,,0,0,0.15963009853030222,2,0,0,2.843741863101574,2,0,4.843741863101574
GRUITHUIS16,Gruithuisen Domes,good,5,4.89,0.609,1165.93,0,,0,0,0.16038698721192524,4,0,0,2.8430009626303043,2,0,4.843000962630304
BOBONEFLW1,Light Plains Flow South of Bobone Crater,good,5,2.12,0.151,564.94,0,,0,0,0.1610790526427585,3,0,0,2.8423235161096954,2,0,4.842323516109696
HRTZSPRNG01,Hertzsprung Inner Ring,good,5,3.55,0.242,558.63,0,,0,0,0.16110842597067826,2,0,0,2.842294763252073,2,0,4.842294763252073
GEIGER01,West of Geiger Crater,good,4,1.83,0.182,136.52,0,,0,0,0.16114854966305303,1,0,0,2.842255487116346,2,0,4.842255487116346
OPNHEIMRE,Oppenheimer E,good,3,1.88,0.18,429.88,0,,0,0,0.16283614031822835,2,0,0,2.84060354444355,2,0,4.84060354444355
GRUITHUISE9,Gruithuisen Domes,good,2,0.8,0.609,102.91,0,,0,0,0.16519288698863085,1,0,0,2.838296580736522,2,0,4.838296580736522
COMPTONW,Compton W,good,5,3.004831,0.301,992.95,0,,0,0,0.166171509139433,3,0,0,2.8373386306041866,2,0,4.837338630604187
HENDERSON,Henderson Scarp,good,5,2.155,0.166,674.46,0,,0,0,0.1675414405598553,3,0,0,2.8359976370609594,2,0,4.835997637060959
HORTSCONE01,Cones North of T. Mayer in the Hortensius Region,good,5,3.91,0.181,666.8,0,,0,0,0.16796640671865629,3,0,0,2.8355816477154008,2,0,4.835581647715401
ALPHONSUS2,Alphonsus,good,5,3.2,0.211,493.77,0,,0,0,0.16809445693339004,2,0,0,2.8354563023816075,2,0,4.8354563023816075
BARRINGERZ2,Barringer Z (2),good,4,2.12,0.469,284.18,0,,0,0,0.16890703075515517,1,0,0,2.8346608930405717,2,0,4.834660893040572
ATLAS1,Atlas Crater,good,2,1.26,0.0,124.02,0,,0,0,0.16932752781809385,1,0,0,2.8342492783875017,2,0,4.834249278387501
TMAYERDOME1,T Mayer Dome,good,5,2.01,0.258,600.96,0,,0,0,0.16972843450479233,3,0,0,2.8338568402914888,2,0,4.833856840291489
HORTENSIUS2,Hortensius,good,2,1.57,0.735,123.48,0,,0,0,0.17006802721088435,2,0,0,2.833524421004357,2,0,4.833524421004357
GEMIMP1,Gruithuisen IMP,good,5,2.79,0.335,733.61,0,,0,0,0.17039026185575443,3,0,0,2.8332089931137827,2,0,4.833208993113782
THEOPHILUS1,Theophilus W Rim,good,3,1.47,0.153,216.41,0,,0,0,0.17097176655422577,3,0,0,2.8326397718853467,2,0,4.832639771885347
HORTENSIUS3,Hortensius,good,2,2.13,0.735,111.11,0,,0,0,0.17100171001710018,1,0,0,2.83261046093607,2,0,4.8326104609360705
BIRKEJECT,Birkeland East Ejecta,good,3,2.25,0.243,542.12,0,,0,0,0.17154873459750608,2,0,0,2.8320749914816323,2,0,4.832074991481632
GAUSSW,Gauss W,good,5,3.86,0.18,787.54,0,,0,0,0.1726896411610839,3,0,0,2.8309581849668133,2,0,4.830958184966813
MENDELEEV02,Mendeleev Peak Ring,good,4,2.08,0.434,630.68,0,,0,0,0.17282932707553753,2,0,0,2.8308214497211144,2,0,4.830821449721114
HPONDS14,Highland Ponds,good,5,3.269,0.507,1253.36,0,,0,0,0.1739324695219251,4,0,0,2.8297416096095493,2,0,4.829741609609549
HEVLIUSFLW1,Hevelius Flow,good,2,1.29,0.15,155.12,0,,0,0,0.1740587931923672,2,0,0,2.8296179543492244,2,0,4.829617954349224
IMPACTMELT3,Unnamed Crater With Impact Flow South of Ingalls G,good,5,1.81,0.424,212.48,0,,0,0,0.1741340361445783,2,0,0,2.8295443007987005,2,0,4.8295443007987
HPONDS15,Highland Ponds,good,5,3.219,0.507,1230.46,0,,0,0,0.17554410545649593,4,0,0,2.8281640172205624,2,0,4.828164017220562
HIGHESTPOIN,Highest Point,good,2,1.13,0.186,163.91,0,,0,0,0.17692636202794218,2,0,0,2.8268109588778167,2,0,4.826810958877816
MENDELEEV01,Mendeleev Peak Ring,good,3,2.83,0.434,428.14,0,,0,0,0.17751202877563416,3,0,0,2.826237663517604,2,0,4.826237663517604
RUMKERDOME1,Rumker Domes,good,2,1.09,0.206,134.68,0,,0,0,0.1782001782001782,1,0,0,2.8255640502831514,2,0,4.825564050283152
POLYBIUSK01,Polybius K and Tycho Secondaries,good,3,2.85,0.223,235.23,0,,0,0,0.17854865450835353,2,0,0,2.8252229350475533,2,0,4.825222935047553
GRUITHUIS12,Gruithuisen Domes,good,2,0.65,0.609,89.34,0,,0,0,0.17909111260353705,1,0,0,2.8246919356177513,2,0,4.824691935617752
NASSAU02,North of Nassau Crater,good,4,3.62,0.419,88.78,0,,0,0,0.18022077044379364,1,0,0,2.8235861402127718,2,0,4.823586140212772
HPONDS12,Highland Ponds,good,2,1.307,0.507,149.79,0,,0,0,0.18025235329461248,2,0,0,2.823555224505319,2,0,4.823555224505319
GRTHSENNW,Gruithuisen NW Dome,good,2,1.22,0.22,138.56,0,,0,0,0.1804272517321016,2,0,0,2.8233840205516776,2,0,4.823384020551678
GRUITHUIS13,Gruithuisen Domes,good,2,1.22,0.609,138.27,0,,0,0,0.18080567006581325,2,0,0,2.823013595773779,2,0,4.823013595773779
RIMPARRY2,Rima Parry Cones,good,5,3.31,0.578,492.15,0,,0,0,0.18083917504825767,3,0,0,2.8229807985370314,2,0,4.822980798537031
MENDELFLW01,Light Plains Flow in Mendel Crater,good,3,1.73,0.185,165.7,0,,0,0,0.18105009052504528,2,0,0,2.822774338353461,2,0,4.822774338353462
HARDINGH,Harding H Wrinkle Ridges,good,2,1.02,0.154,136.85,0,,0,0,0.18268176835951772,2,0,0,2.82117712742156,2,0,4.82117712742156
MENDELEEV04,Mendeleev Peak Ring,good,3,2.77,0.434,419.42,0,,0,0,0.18358685804205807,3,0,0,2.82029115648737,2,0,4.82029115648737
BIRKEJECT02,Birkeland East Ejecta,good,3,2.25,0.243,298.95,0,,0,0,0.1839772537213581,2,0,0,2.8199090073684863,2,0,4.819909007368486
MCNALLYFLW1,Light Plains Flow North of McNally T,good,5,2.01,0.354,568.22,0,,0,0,0.18478758227447115,2,0,0,2.819115795867956,2,0,4.8191157958679565
OLCOTTMELT,Olcott Melt,good,5,2.5,0.298,673.04,0,,0,0,0.18572447402828957,3,0,0,2.818198694636578,2,0,4.818198694636578
MENDELEEV,Mendeleev Peak Ring,good,4,3.83,0.434,1865.33,0,,0,0,0.18602606509303984,3,0,0,2.817903474259487,2,0,4.817903474259487
HPONDS7,Highland Ponds,good,2,1.289,0.507,155.6,0,,0,0,0.18637532133676094,1,0,0,2.817561595563386,2,0,4.817561595563387
HPONDS9,Highland Ponds,good,2,1.223,0.507,160.07,0,,0,0,0.18741800462297745,2,0,0,2.816540937497148,2,0,4.816540937497148
NASSAU01,East of Nassau D,good,4,1.97,0.411,447.97,0,,0,0,0.18751255664441815,2,0,0,2.8164483827543627,2,0,4.816448382754363
MRINGENII3,Mare Ingenii,good,2,2.25,0.517,234.28,0,,0,0,0.187809458767287,2,0,0,2.8161577522718426,2,0,4.816157752271843
VAPORIMP01,Vaporum IMP,good,5,1.93,0.132,548.23,0,,0,0,0.18787735074694928,3,0,0,2.8160912944148966,2,0,4.816091294414896
FRSHCRATER4,Unnamed Fresh Crater Southeast of Atlas,good,2,1.08,0.271,116.68,0,,0,0,0.1885498800137127,1,0,0,2.81543297138433,2,0,4.81543297138433
MENDELFLW,Light Plains Flow in Mendel Crater,good,3,1.73,0.185,417.13,0,,0,0,0.189389398988325,2,0,0,2.8146111860689564,2,0,4.814611186068957
INGHIRAMI01,Inghirami SE Rim,good,3,1.22,0.182,247.1,0,,0,0,0.19020639417239985,2,0,0,2.81381144876068,2,0,4.81381144876068
MRECRISIUM1,Mare Crisium 1,good,2,0.99,0.54,141.9,0,,0,0,0.19027484143763213,1,0,0,2.8137444473477924,2,0,4.813744447347792
HPONDS20,Highland Ponds,good,5,2.222,0.507,761.8,0,,0,0,0.19033867156734052,3,0,0,2.8136819655399243,2,0,4.813681965539924
CRISHORSE02,Crisium Horseshoe,good,2,0.91,0.239,141.61,0,,0,0,0.19066450109455546,1,0,0,2.8133630187038463,2,0,4.813363018703846
MENELAUS,Menelaus Cones,good,5,2.25,0.253,662.87,0,,0,0,0.19159111137930515,2,0,0,2.812455981759943,2,0,4.812455981759943
CMPLXSCRP,Complex Scarps West of Endymion,good,5,3.15,0.598,1068.52,0,,0,0,0.19185415340845283,3,0,0,2.8121984961242203,2,0,4.81219849612422
HPONDS26,Highland Ponds,good,5,2.637,0.507,953.7,0,,0,0,0.1918842403271469,3,0,0,2.8121690447494263,2,0,4.812169044749426
OPNHEIMRSE2,Oppenheimer SSE,good,2,1.91,0.163,218.1,0,,0,0,0.1925722145804677,2,0,0,2.8114956029859512,2,0,4.811495602985952
DISTEJECT01,Distal Ejecta South of Baade Crater,good,3,1.76,0.237,340.52,0,,0,0,0.1938212146129449,2,0,0,2.8102729863249465,2,0,4.8102729863249465
MENDELFLW02,Light Plains Flow in Mendel Crater,good,3,1.51,0.185,268.14,0,,0,0,0.19392854479003507,2,0,0,2.8101679233471026,2,0,4.810167923347103
HORTENSIUS6,Hortensius,good,2,2.14,0.735,133.99,0,,0,0,0.19404433166654225,1,0,0,2.8100545823057397,2,0,4.81005458230574
NECTRIMI3,Nectaris Basin Rim I,good,3,2.1821,0.171,303.04,0,,0,0,0.1946937697993664,2,0,0,2.809418862641339,2,0,4.809418862641339
HPONDS,Highland Ponds,good,5,3.929,0.507,11030.99,0,,0,0,0.1950867510531693,6,0,0,2.809034182564583,2,0,4.809034182564583
APOLLO16_4,Apollo 16,good,2,1.14,0.365,127.55,0,,0,0,0.1960015680125441,2,0,0,2.8081386898286196,2,0,4.80813868982862
VIRTANEN3,Virtanen Graben,good,5,2.23,1.32,1027.5,0,,0,0,0.20048661800486617,4,0,0,2.803748380218158,2,0,4.803748380218158
HPONDS8,Highland Ponds,good,2,1.219,0.507,159.12,0,,0,0,0.20110608345902464,1,0,0,2.803142000101683,2,0,4.803142000101683
HPONDS16,Highland Ponds,good,5,2.224,0.507,770.17,0,,0,0,0.20125426853811498,3,0,0,2.8029969452242636,2,0,4.802996945224264
MICHELSON02,SW Michelson Crater,good,5,3.42,0.219,526.27,0,,0,0,0.20141752332452925,3,0,0,2.8028371389659217,2,0,4.802837138965922
BHABHAPLAIN,Bhabha,good,2,2.68,0.75,156.89,0,,0,0,0.2039645611574989,2,0,0,2.800343903729873,2,0,4.800343903729873
APOLLO16_6,Apollo 16,good,2,1.17,0.365,122.17,0,,0,0,0.20463288859785544,2,0,0,2.799689693768032,2,0,4.799689693768032
OPENHEIMRNE,Oppenheimer NE,good,3,3.293016,0.214,317.27,0,,0,0,0.20487282125634318,3,0,0,2.799454829349971,2,0,4.799454829349971
OPENHIMERF,Oppenheimer F,good,2,1.72,1.11,187.95,0,,0,0,0.20750199521149243,2,0,0,2.7968811930019637,2,0,4.796881193001964
GRUITHUISE6,Gruithuisen Domes,good,2,0.85,0.609,105.82,0,,0,0,0.2079002079002079,1,0,0,2.79649139199701,2,0,4.7964913919970105
AUSTRVOLC03,Australe Volcanism,good,3,2.79,0.206,282.74,0,,0,0,0.20867227841833486,2,0,0,2.7957356303842094,2,0,4.795735630384209
HOMMELT01,Hommel T and Highland Terrain,good,2,1.25,0.268,186.88,0,,0,0,0.2086900684931507,2,0,0,2.7957182160997385,2,0,4.795718216099738
AUSTRVOLC02,Australe Volcanism,good,2,1.52,0.212,329.16,0,,0,0,0.20962449872402478,2,0,0,2.7948035243950895,2,0,4.794803524395089
OPNHEIMRE1,Oppenheimer E,good,3,1.88,0.18,221.76,0,,0,0,0.21194083694083696,2,0,0,2.7925361155698236,2,0,4.792536115569824
HANNOCTR,Hanno Crater,good,2,0.82,0.145,188.47,0,,0,0,0.2122353690242479,2,0,0,2.7922478050630057,2,0,4.792247805063006
BRISBANEZ,Wrinkle Ridge in Brisbane Z,good,2,2.0,0.319,149.48,0,,0,0,0.2140754616002141,2,0,0,2.7904465818583075,2,0,4.7904465818583075
APOLLO16_1,Apollo 16,good,2,0.8,0.365,130.65,0,,0,0,0.21431305013394564,2,0,0,2.790214012048659,2,0,4.79021401204866
AUSTRVOLC,Australe Volcanism,good,3,2.79,0.212,777.21,0,,0,0,0.21487114164768853,2,0,0,2.7896677094343074,2,0,4.789667709434307
HPONDS18,Highland Ponds,good,5,3.196,0.507,1279.47,0,,0,0,0.21649589283062518,3,0,0,2.7880772788381565,2,0,4.7880772788381565
MENDELEEV03,Mendeleev Peak Ring,good,4,3.83,0.434,554.9,0,,0,0,0.2198594341322761,3,0,0,2.784784787622428,2,0,4.784784787622428
ORONTIUS01,Tycho Secondaries in Orontius Crater,good,3,2.1,0.102,234.52,0,,0,0,0.22172949002217293,2,0,0,2.7829542340367226,2,0,4.782954234036723
BHABHAE01,Bhabha East Plains,good,2,1.29,0.101,193.05,0,,0,0,0.22274022274022273,2,0,0,2.781964851627773,2,0,4.781964851627773
APOLLO16_5,Apollo 16,good,2,0.85,0.365,115.82,0,,0,0,0.22448627180107064,2,0,0,2.7802556854010194,2,0,4.78025568540102
GRUITHUISE8,Gruithuisen Domes,good,2,0.84,0.609,106.87,0,,0,0,0.22457190979694955,1,0,0,2.7801718563875255,2,0,4.7801718563875255
HANSTEENAL2,Hansteen Alpha,good,2,0.79,0.0,128.98,0,,0,0,0.224841060629555,2,0,0,2.779908390988238,2,0,4.779908390988238
APENNINE05,Apennine Bench Formation,good,5,1.95,0.304,525.93,0,,0,0,0.22816724659175178,3,0,0,2.776652466032883,2,0,4.776652466032883
APENNINE03,Apennine Bench Formation,good,3,3.33,0.233,474.09,0,,0,0,0.22991415132147905,2,0,0,2.7749424622120533,2,0,4.774942462212053
REINER3,Reiner Gamma,good,2,0.91,0.335,134.4,0,,0,0,0.2306547619047619,2,0,0,2.774217495987159,2,0,4.774217495987159
APOLLO16,Apollo 16,good,2,0.88,0.365,681.1,0,,0,0,0.23491410952870356,2,0,0,2.770048121099543,2,0,4.770048121099543
BOOSTIMPCT1,Booster Impact Site Near Hertzsprung D,good,3,2.84,0.289,420.48,0,,0,0,0.23544520547945205,3,0,0,2.769528243804833,2,0,4.769528243804833
HPONDS17,Highland Ponds,good,5,3.221,0.507,1211.87,0,,0,0,0.24094993687441724,3,0,0,2.7641397921292223,2,0,4.764139792129223
ALPHONSUS,Alphonsus,good,5,3.2,0.211,679.79,0,,0,0,0.24272201709351418,3,0,0,2.762405144615877,2,0,4.762405144615877
VIRTANEN2,Virtanen Graben,good,2,1.52,0.0,195.55,0,,0,0,0.2454615187931475,2,0,0,2.7597235110420337,2,0,4.759723511042034
LACUSMORT02,Lacus Mortis Pits and Rimae Burg,good,5,3.46,0.459,983.12,0,,0,0,0.24717226788184554,3,0,0,2.7580488991250967,2,0,4.758048899125097
APENNINE04,Apennine Bench Formation,good,5,3.63,0.304,495.44,0,,0,0,0.24826416922331665,3,0,0,2.756980062665895,2,0,4.756980062665895
HYGINUS,Hyginus Caldera,good,5,5.0,0.377,454.76,0,,0,0,0.24848271615797343,2,0,0,2.756766132228285,2,0,4.756766132228285
VAPORIMP02,Vaporum IMP,good,3,2.6,0.172,378.59,0,,0,0,0.25093108639953515,2,0,0,2.754369480369354,2,0,4.754369480369354
GROVECRTR01,Lacus Somniorum SE of Grove Crater,good,4,2.87,0.68,649.01,0,,0,0,0.2511517542102587,3,0,0,2.754153473856205,2,0,4.754153473856205
VIRTANEN1,Virtanen Graben,good,2,1.56,0.2,178.86,0,,0,0,0.2515934250251593,2,0,0,2.753721132716945,2,0,4.7537211327169455
APENNINE06,Apennine Bench Formation,good,5,3.18,0.259,643.45,0,,0,0,0.2533219364363975,3,0,0,2.7520291336815847,2,0,4.752029133681585
APOLLO16_2,Apollo 16,good,2,0.72,0.365,120.9,0,,0,0,0.2564102564102564,2,0,0,2.749006050129646,2,0,4.749006050129646
GROVECRTR02,Lacus Somniorum SE of Grove Crater,good,3,1.9,0.367,377.27,0,,0,0,0.2597609139343176,2,0,0,2.7457261705398004,2,0,4.7457261705398
HPONDS11,Highland Ponds,good,2,1.329,0.507,154.71,0,,0,0,0.265011957856635,2,0,0,2.74058604754528,2,0,4.74058604754528
APOLLO14,Apollo 14 Landing Site,good,2,0.76,0.135,120.53,0,,0,0,0.2654940678669211,1,0,0,2.7401141214318407,2,0,4.740114121431841
BAILYBVENT,Baily B Vent,good,4,3.0,0.28,650.44,0,,0,0,0.2675112231720066,2,0,0,2.738139575699492,2,0,4.738139575699492
APENNINE02,Apennine Bench Formation,good,5,2.66,0.185,686.82,0,,0,0,0.2693573279753065,3,0,0,2.736332467267318,2,0,4.736332467267318
PITISCUSW01,Highland Terrain West of Pitiscus W,good,2,1.86,0.168,174.26,0,,0,0,0.26971192471020317,2,0,0,2.735985360890417,2,0,4.735985360890417
AUSTRVOLC01,Australe Volcanism,good,2,1.59,0.212,165.31,0,,0,0,0.2722158369124675,2,0,0,2.733534340316695,2,0,4.7335343403166945
LACUSMORT01,Lacus Mortis SW Rim,good,3,1.82,0.514,362.84,0,,0,0,0.2728475361040679,2,0,0,2.7329159848832987,2,0,4.732915984883299
OPNHEIMRSE1,Oppenheimer SSE,good,2,1.94,0.326,214.51,0,,0,0,0.27504545242646034,2,0,0,2.7307644964562563,2,0,4.730764496456256
APOLLO16_3,Apollo 16,good,2,0.86,0.365,138.0,0,,0,0,0.2753623188405797,2,0,0,2.7304543234000977,2,0,4.730454323400098
HPONDS4,Highland Ponds,good,2,1.328,0.507,155.71,0,,0,0,0.27615438957035515,2,0,0,2.72967898405203,2,0,4.72967898405203
RANGER9,Ranger 9,good,2,0.86,0.0,130.35,0,,0,0,0.27617951668584584,1,0,0,2.729654387711563,2,0,4.729654387711562
ATLAS6,Atlas Crater,good,2,0.62,0.0,82.95,0,,0,0,0.27727546714888485,1,0,0,2.7285815876627995,2,0,4.7285815876627995
WHALE,New Whale (Aristarchus NE Ejecta),good,5,2.35,0.216,510.06,0,,0,0,0.28428028075128414,3,0,0,2.7217247409095293,2,0,4.721724740909529
HPONDS10,Highland Ponds,good,2,1.315,0.507,154.28,0,,0,0,0.2851957479906663,2,0,0,2.720828611629811,2,0,4.720828611629811
NEWCRATER8,Unnamed New 35m Crater,good,5,2.07,0.16,537.05,0,,0,0,0.2867516990969184,3,0,0,2.7193055278053535,2,0,4.7193055278053535
HPONDS27,Highland Ponds,good,5,2.402,0.507,882.79,0,,0,0,0.28772414730570123,3,0,0,2.7183536211991832,2,0,4.718353621199183
SEISMCLAND,Seismic Lander (Rimae Grimaldi),good,2,0.8,0.39,127.16,0,,0,0,0.2988361119849009,2,0,0,2.70747638116714,2,0,4.70747638116714
GRIMALDI01,Rimae Grimaldi,good,2,0.8,0.147,126.88,0,,0,0,0.2994955863808323,2,0,0,2.7068308372415943,2,0,4.706830837241594
FEOKTISTOV,Feoktistov,good,2,1.49,0.195,194.04,0,,0,0,0.30921459492888065,2,0,0,2.6973171290988307,2,0,4.697317129098831
LACUSMORT03,Lacus Mortis Pit and Rimae Burg,good,5,2.76,0.459,736.75,0,,0,0,0.3108245673566339,3,0,0,2.6957411650774166,2,0,4.695741165077417
HPONDS1,Highland Ponds,good,2,1.275,0.507,160.0,0,,0,0,0.3125,2,0,0,2.6941011235955057,2,0,4.694101123595505
FRSHCRATER13,Unnamed Fresh Crater in Hanno Crater,good,2,1.25,0.0,143.62,0,,0,0,0.31332683470268763,1,0,0,2.6932917546146276,2,0,4.693291754614627
APENNINE01,Apennine Bench Formation,good,5,3.21,0.185,891.76,0,,0,0,0.3173499596303938,3,0,0,2.689353612550563,2,0,4.689353612550563
HPONDS22,Highland Ponds,good,5,2.488,0.507,888.22,0,,0,0,0.3219922992051519,3,0,0,2.684809335879182,2,0,4.684809335879182
PITISCUSW03,Highland Terrain West of Pitiscus W,good,3,2.32,0.545,197.93,0,,0,0,0.323346637700197,2,0,0,2.6834836058826834,2,0,4.683483605882683
PITISCUSW02,Highland Terrain West of Pitiscus W,good,2,1.99,0.393,174.55,0,,0,0,0.32655399598968776,2,0,0,2.680343998532342,2,0,4.680343998532342
NEWCRATER1,Unnamed New Crater 1,good,2,1.65,0.0,160.59,0,,0,0,0.3362600410984495,2,0,0,2.6708429799944167,2,0,4.670842979994417
MOZARTW,Kathleen Crater in the Apennine Bench Formation,good,5,2.973175,0.257,712.29,0,,0,0,0.3537884850271659,3,0,0,2.6536847998250934,2,0,4.653684799825093
JEANSU,Jeans U Crater,good,2,1.23,0.229,145.67,0,,0,0,0.3638360678245349,2,0,0,2.6438494581025456,2,0,4.643849458102546
HPONDS2,Highland Ponds,good,2,1.259,0.507,156.67,0,,0,0,0.3702048892576754,2,0,0,2.637615169077206,2,0,4.637615169077206
HPONDS6,Highland Ponds,good,2,1.206,0.507,146.57,0,,0,0,0.37524732209865597,2,0,0,2.6326792505479224,2,0,4.632679250547922
ARISTARCHU4,Aristarchus,good,2,0.88,0.0,116.45,0,,0,0,0.403606698153714,2,0,0,2.604918926481443,2,0,4.604918926481443
ALPHONSUS1,Alphonsus,good,5,3.2,0.212,284.51,0,,0,0,0.42177779339917754,2,0,0,2.5871316701018388,2,0,4.587131670101838
VIRTANEN,Virtanen Graben,good,2,1.56,0.61,374.53,0,,0,0,0.7556137025071423,4,0,0,2.260347575703121,2,0,4.260347575703121
NRTHCRTRI,North Crater I,fair,6,5.6,0.0,1522.93,0,,0,0,0.0,0,0,0,3.0,0,0,3.0
NRTHCRTRI1,North Crater I,fair,6,5.6,0.0,1266.17,0,,0,0,0.0,0,0,0,3.0,0,0,3.0
NRTHCRTRI2,North Crater I,fair,6,5.16,0.0,1283.06,0,,0,0,0.0,0,0,0,3.0,0,0,3.0
BYRD01,Byrd crater and rim of Erlanger and Peary craters,fair,7,6.07,0.211,735.31,0,,0,0,0.0,0,0,0,3.0,0,0,3.0
MARIUS1,Marius,fair,5,5.97,0.513,849.64,0,,0,0,0.0353090720775858,2,0,0,2.9654367824786596,0,0,2.9654367824786596
JHERSRDGE01,Wrinkle Ridge near J Herschel F,fair,7,7.0,0.385,1160.8,0,,0,0,0.09131633356305996,2,0,0,2.910612595730182,0,0,2.910612595730182
REINER1,Reiner Gamma,fair,5,5.1,0.0,729.36,0,,0,0,0.12065372381265767,3,0,0,2.8818949166454075,0,0,2.8818949166454075
CHAPPELLT,Chappell T,fair,5,7.13,0.0,1253.51,0,,0,0,0.15077661925313718,4,0,0,2.8524083250636707,0,0,2.8524083250636707
RIMPARRY1,Rima Parry Cones,poor,5,32.01,0.578,431.53,0,,0,0,0.1969735591963479,3,0,0,2.807187230593418,0,0,2.807187230593418
MAFICMOUND,Mafic Mound,poor,2,240.0,0.21,201.37,0,,0,0,0.22843521875155187,2,0,0,2.776390154408593,0,0,2.776390154408593
NEWCRATER12,Unnamed new 50m crater near Beijerinck V,good,4,2.7,0.476,29.04,0,,0,0,3.0647382920110195,3,0,0,0.0,2,0,2.0
