dtm,res_m,row,col,x_m,y_m,depth_m,frangi,score
IRIDIUMPIT1,4.0,457,876,7051323.322594401,1405151.1675000002,147.30389404296875,0.08729273825883865,12.858560562133789
IRIDIUMPIT1,4.0,464,859,7051094.684278251,1405057.0105,131.1725311279297,0.09119513630867004,11.962296485900879
IRIDIUMPIT1,4.0,471,868,7051215.7280926835,1404962.8535000002,130.0403289794922,0.08787009865045547,11.426656723022461
IRIDIUMPIT1,4.0,456,859,7051094.684278251,1405164.6185,126.1815185546875,0.08565758913755417,10.808404922485352
IRIDIUMPIT1,4.0,2792,667,7048512.416237013,1373743.0825000007,110.47078704833984,0.09331446886062622,10.308523178100586
IRIDIUMPIT1,4.0,1761,716,7049171.432560038,1387611.0635000004,69.58595275878906,0.14041748642921448,9.771084785461426
IRIDIUMPIT1,4.0,703,109,7041007.699742168,1401842.2215000002,134.66671752929688,0.07105861604213715,9.569231033325195
IRIDIUMPIT1,4.0,689,119,7041142.192869316,1402030.5355000002,141.7796173095703,0.06684765964746475,9.477635383605957
IRIDIUMPIT1,4.0,1337,425,7045257.682560038,1393314.2875000003,48.27938461303711,0.1771487593650818,8.552633285522461
IRIDIUMPIT1,4.0,2108,281,7043320.98152911,1382943.5665000007,58.50697708129883,0.13989640772342682,8.184915542602539
IRIDIUMPIT1,4.0,2685,735,7049426.969501618,1375182.3395000007,122.51528930664062,0.06676365435123444,8.17956829071045
IRIDIUMPIT1,4.0,694,103,7040927.00386588,1401963.2805,131.59005737304688,0.06128276139497757,8.064202308654785
IRIDIUMPIT1,4.0,4311,934,7052103.382731859,1353311.0135000013,64.54946899414062,0.11973408609628677,7.728771686553955
IRIDIUMPIT1,4.0,701,122,7041182.54080746,1401869.1235000002,122.23814392089844,0.06305739283561707,7.708018779754639
IRIDIUMPIT1,4.0,2907,890,7051511.6129724085,1372196.2175000007,177.310791015625,0.04214506223797798,7.472774505615234
IRIDIUMPIT1,4.0,2670,738,7049467.317439763,1375384.1045000008,152.0401153564453,0.048731181770563126,7.409094333648682
IRIDIUMPIT1,4.0,2906,875,7051309.8732816875,1372209.6685000008,184.58999633789062,0.03821111470460892,7.053389549255371
IRIDIUMPIT1,4.0,2892,880,7051377.119845261,1372397.9825000009,186.023193359375,0.03784143924713135,7.0393853187561035
IRIDIUMPIT1,4.0,4317,947,7052278.223797151,1353230.3075000013,57.56953430175781,0.12193017452955246,7.019463539123535
IRIDIUMPIT1,4.0,1675,495,7046199.134450072,1388767.8495000005,70.14173889160156,0.09518330544233322,6.6763224601745605
IRIDIUMPIT1,4.0,33,525,7046602.613831515,1410854.3915,8.901960372924805,0.7036545276641846,6.263904571533203
IRIDIUMPIT1,4.0,4629,1027,7053354.168814333,1349033.5955000012,87.26599884033203,0.06980875134468079,6.091930389404297
IRIDIUMPIT1,4.0,2674,726,7049305.9256871855,1375330.3005000008,140.15992736816406,0.043305180966854095,6.069651126861572
IRIDIUMPIT1,4.0,4635,1027,7053354.168814333,1348952.8895000012,71.24248504638672,0.07995135337114334,5.695932865142822
IRIDIUMPIT1,4.0,1302,603,7047651.660223268,1393785.0725000002,53.082942962646484,0.1063840463757515,5.6471781730651855
IRIDIUMPIT1,4.0,2790,647,7048243.429982718,1373769.9845000007,132.96377563476562,0.04147792235016823,5.515061378479004
IRIDIUMPIT1,4.0,4306,945,7052251.325171721,1353378.2685000012,57.51833724975586,0.09217338263988495,5.30165958404541
IRIDIUMPIT1,4.0,1997,789,7050153.232388216,1384436.6275000006,124.5687255859375,0.04083748906850815,5.087073802947998
IRIDIUMPIT1,4.0,9,813,7050476.015893371,1411177.2155,7.30133056640625,0.6542347073554993,4.7767839431762695
IRIDIUMPIT1,4.0,692,899,7051632.656786841,1401990.1825,48.93262481689453,0.09549614787101746,4.672877311706543
IRIDIUMPIT1,4.0,61,393,7044827.304553165,1410477.7635000001,8.169575691223145,0.5683712363243103,4.643352031707764
IRIDIUMPIT1,4.0,1994,777,7049991.840635639,1384476.9805000005,126.64234924316406,0.03659956902265549,4.6350555419921875
IRIDIUMPIT1,4.0,1572,512,7046427.772766223,1390153.3025000005,66.0474853515625,0.07012268900871277,4.63142728805542
IRIDIUMPIT1,4.0,2006,779,7050018.739261068,1384315.5685000005,117.79408264160156,0.03856480121612549,4.542705535888672
IRIDIUMPIT1,4.0,42,482,7046024.29338478,1410733.3325,8.343206405639648,0.5409125089645386,4.51294469833374
IRIDIUMPIT1,4.0,1139,52,7040241.088917426,1395977.5855000003,10.278522491455078,0.4369891583919525,4.491602897644043
IRIDIUMPIT1,4.0,62,365,7044450.723797151,1410464.3125,6.181468963623047,0.7053209543228149,4.359919548034668
IRIDIUMPIT1,4.0,3055,506,7046347.076889935,1370205.4695000008,120.33910369873047,0.035480841994285583,4.26973295211792
IRIDIUMPIT1,4.0,1759,728,7049332.824312615,1387637.9655000004,54.10960388183594,0.07729736715555191,4.182529926300049
IRIDIUMPIT1,4.0,2805,657,7048377.923109866,1373568.2195000008,105.18391418457031,0.039430245757102966,4.147427558898926
IRIDIUMPIT1,4.0,4633,1034,7053448.314003336,1348979.7915000012,59.30321502685547,0.06839736551046371,4.056183815002441
IRIDIUMPIT1,4.0,3043,487,7046091.539948354,1370366.8815000008,76.49252319335938,0.05202801898121834,3.9797544479370117
IRIDIUMPIT1,4.0,4874,956,7052399.267611584,1345738.1005000013,44.03854751586914,0.08930008858442307,3.9326462745666504
IRIDIUMPIT1,4.0,4625,1016,7053206.226374471,1349087.3995000012,60.37396240234375,0.06471177190542221,3.9069061279296875
IRIDIUMPIT1,4.0,2792,711,7049104.1859964635,1373743.0825000007,77.76171112060547,0.05015326291322708,3.900003433227539
IRIDIUMPIT1,4.0,1560,504,7046320.178264505,1390314.7145000005,58.75907516479492,0.06546632200479507,3.846740484237671
IRIDIUMPIT1,4.0,1558,509,7046387.424828079,1390341.6165000005,63.130435943603516,0.06055580824613571,3.8229146003723145
IRIDIUMPIT1,4.0,1921,899,7051632.656786841,1385458.9035000005,44.854339599609375,0.084896981716156,3.807997941970825
IRIDIUMPIT1,4.0,774,597,7047570.964346979,1400887.2005000003,47.417930603027344,0.07691282778978348,3.6470470428466797
IRIDIUMPIT1,4.0,2602,605,7047678.558848698,1376298.7725000007,32.65928649902344,0.11099468916654587,3.625007390975952
IRIDIUMPIT1,4.0,3040,502,7046293.2796390755,1370407.2345000007,103.69139862060547,0.034162551164627075,3.542362689971924
IRIDIUMPIT1,4.0,3047,514,7046454.671391653,1370313.0775000008,95.87779235839844,0.03691381588578224,3.539215087890625
IRIDIUMPIT1,4.0,1910,902,7051673.004724986,1385606.8645000006,44.13417434692383,0.07949696481227875,3.508533000946045
IRIDIUMPIT1,4.0,1080,49,7040200.740979282,1396771.1945000002,7.903077125549316,0.4421585202217102,3.494412899017334
IRIDIUMPIT1,4.0,1917,890,7051511.6129724085,1385512.7075000005,44.40241241455078,0.07860665023326874,3.4903249740600586
IRIDIUMPIT1,4.0,4855,1086,7054147.678264505,1345993.6695000012,37.33115005493164,0.09276051074266434,3.4628565311431885
IRIDIUMPIT1,4.0,768,606,7047692.008161413,1400967.9065000003,50.01806640625,0.06921518594026566,3.4620096683502197
IRIDIUMPIT1,4.0,4654,1138,7054847.042525673,1348697.3205000013,43.0780143737793,0.07807900011539459,3.36348819732666
IRIDIUMPIT1,4.0,1562,519,7046521.917955226,1390287.8125000005,56.06242752075195,0.05958930030465126,3.3407208919525146
IRIDIUMPIT1,4.0,4853,1093,7054241.823453508,1346020.5715000012,33.001380920410156,0.10029682517051697,3.309933662414551
IRIDIUMPIT1,4.0,4571,763,7049803.5502576325,1349813.7535000013,34.874168395996094,0.09275681525468826,3.234816789627075
IRIDIUMPIT1,4.0,2109,270,7043173.039089248,1382930.1155000005,40.683128356933594,0.07653649896383286,3.1137442588806152
IRIDIUMPIT1,4.0,138,885,7051444.366408835,1409442.0365,4.831297874450684,0.6080877184867859,2.9378528594970703
IRIDIUMPIT1,4.0,2373,532,7046696.7590205185,1379379.0515000005,53.32338333129883,0.05483720451593399,2.924105167388916
IRIDIUMPIT1,4.0,4861,1093,7054241.823453508,1345912.9635000012,32.15497589111328,0.09070035070180893,2.9164676666259766
IRIDIUMPIT1,4.0,927,434,7045378.726374471,1398829.1975000002,34.03474807739258,0.08191914856433868,2.788097620010376
IRIDIUMPIT1,4.0,2094,492,7046158.786511928,1383131.8805000007,36.3974723815918,0.07487183064222336,2.7251453399658203
IRIDIUMPIT1,4.0,1446,172,7041855.0064432,1391848.1285000003,33.10157012939453,0.08212560415267944,2.7184865474700928
IRIDIUMPIT1,4.0,1473,606,7047692.008161413,1391484.9515000004,97.89315032958984,0.02753540128469467,2.6955270767211914
IRIDIUMPIT1,4.0,1909,892,7051538.511597838,1385620.3155000005,44.31678009033203,0.059866975992918015,2.653111696243286
IRIDIUMPIT1,4.0,4572,757,7049722.854381343,1349800.3025000012,36.383750915527344,0.07235892862081528,2.6326892375946045
IRIDIUMPIT1,4.0,10,836,7050785.350085811,1411163.7645,3.685927152633667,0.7134886384010315,2.6298670768737793
IRIDIUMPIT1,4.0,3105,923,7051955.440291996,1369532.9195000008,32.345340728759766,0.07885263860225677,2.5505154132843018
IRIDIUMPIT1,4.0,2367,524,7046589.164518801,1379459.7575000005,57.428253173828125,0.0440424382686615,2.529280185699463
IRIDIUMPIT1,4.0,2364,522,7046562.265893371,1379500.1105000007,47.73894119262695,0.05248452350497246,2.5055556297302246
IRIDIUMPIT1,4.0,3096,920,7051915.092353852,1369653.978500001,32.20749282836914,0.07740984857082367,2.4931771755218506
IRIDIUMPIT1,4.0,2727,546,7046885.049398526,1374617.3975000007,38.68186569213867,0.06296122074127197,2.435457468032837
IRIDIUMPIT1,4.0,2124,878,7051350.221219831,1382728.3505000006,31.040088653564453,0.07799036055803299,2.420827627182007
IRIDIUMPIT1,4.0,661,29,7039931.754724986,1402407.1635000003,4.008615493774414,0.6002305746078491,2.4060935974121094
IRIDIUMPIT1,4.0,3339,297,7043536.170532546,1366385.3855000008,30.56960105895996,0.07703114300966263,2.354811429977417
IRIDIUMPIT1,4.0,2120,872,7051269.525343543,1382782.1545000006,34.02464294433594,0.06913110613822937,2.352161169052124
IRIDIUMPIT1,4.0,1756,605,7047678.558848698,1387678.3185000005,30.908674240112305,0.07427902519702911,2.2958662509918213
IRIDIUMPIT1,4.0,2151,302,7043603.41709612,1382365.1735000005,30.399934768676758,0.0755160003900528,2.2956814765930176
IRIDIUMPIT1,4.0,1121,49,7040200.740979282,1396219.7035000003,4.344714164733887,0.5276223421096802,2.292368173599243
IRIDIUMPIT1,4.0,1251,322,7043872.403350416,1394471.0735000004,33.15690231323242,0.06690053641796112,2.218214511871338
IRIDIUMPIT1,4.0,1703,811,7050449.117267941,1388391.2215000005,38.48497772216797,0.0576181560754776,2.217433452606201
IRIDIUMPIT1,4.0,2499,865,7051175.380154539,1377684.2255000006,46.50621032714844,0.04756438359618187,2.2120392322540283
IRIDIUMPIT1,4.0,2815,837,7050798.799398526,1373433.7095000008,28.372154235839844,0.07783392071723938,2.2083160877227783
IRIDIUMPIT1,4.0,2508,855,7051040.887027391,1377563.1665000007,42.3580436706543,0.051665276288986206,2.1884400844573975
IRIDIUMPIT1,4.0,2836,681,7048700.7066150205,1373151.2385000007,37.26128387451172,0.058316927403211594,2.1729636192321777
IRIDIUMPIT1,4.0,661,908,7051753.700601275,1402407.1635000003,29.19452667236328,0.07047173380851746,2.0573890209198
IRIDIUMPIT1,4.0,41,437,7045419.074312615,1410746.7835,2.9549338817596436,0.682503342628479,2.016752243041992
IRIDIUMPIT1,4.0,764,594,7047530.616408835,1401021.7105000003,37.50729751586914,0.053491197526454926,2.006310224533081
IRIDIUMPIT1,4.0,2833,689,7048808.3011167385,1373191.5915000008,36.931907653808594,0.054206520318984985,2.001950263977051
IRIDIUMPIT1,4.0,4044,488,7046104.989261068,1356902.4305000012,59.346656799316406,0.03332793340086937,1.9779014587402344
IRIDIUMPIT1,4.0,2959,638,7048122.386168285,1371496.7655000007,30.484418869018555,0.0647423267364502,1.9736322164535522
IRIDIUMPIT1,4.0,1326,581,7047355.775343543,1393462.2485000005,37.17437744140625,0.05300305783748627,1.9703556299209595
IRIDIUMPIT1,4.0,2799,845,7050906.393900244,1373648.9255000008,36.89463424682617,0.05329589173197746,1.9663324356079102
IRIDIUMPIT1,4.0,2957,631,7048028.240979281,1371523.667500001,30.77614402770996,0.06380096822977066,1.9635478258132935
IRIDIUMPIT1,4.0,1165,604,7047665.109535983,1395627.8595000003,34.621498107910156,0.05450371280312538,1.8870002031326294
IRIDIUMPIT1,4.0,546,25,7039877.957474127,1403954.0285000002,2.7787976264953613,0.6731753945350647,1.870618224143982
IRIDIUMPIT1,4.0,2212,576,7047288.528779969,1381544.6625000006,32.231990814208984,0.057586461305618286,1.856126308441162
IRIDIUMPIT1,4.0,3458,214,7042419.87757722,1364784.716500001,21.84206199645996,0.08304271847009659,1.81382417678833
IRIDIUMPIT1,4.0,2724,533,7046710.208333233,1374657.7505000008,41.34782791137695,0.043527621775865555,1.7997726202011108
IRIDIUMPIT1,4.0,3368,691,7048835.199742168,1365995.3065000009,28.336694717407227,0.06300988048315048,1.785491704940796
IRIDIUMPIT1,4.0,3768,850,7050973.640463818,1360614.906500001,30.864120483398438,0.057626280933618546,1.7785844802856445
IRIDIUMPIT1,4.0,2952,638,7048122.386168285,1371590.9225000008,31.13776397705078,0.057049334049224854,1.7763886451721191
IRIDIUMPIT1,4.0,26,618,7047853.39991399,1410948.5485,3.014519214630127,0.5891554951667786,1.7760205268859863
IRIDIUMPIT1,4.0,4036,483,7046037.742697495,1357010.0385000012,41.1082649230957,0.043125055730342865,1.7727962732315063
IRIDIUMPIT1,4.0,2729,532,7046696.7590205185,1374590.4955000007,38.0647087097168,0.04653932526707649,1.7715058326721191
IRIDIUMPIT1,4.0,2363,534,7046723.657645948,1379513.5615000005,42.57218551635742,0.041510507464408875,1.767193078994751
IRIDIUMPIT1,4.0,2210,585,7047409.572594402,1381571.5645000006,31.243337631225586,0.05578907951712608,1.7430371046066284
IRIDIUMPIT1,4.0,1041,45,7040146.943728423,1397295.7835000004,3.3590784072875977,0.5165377855300903,1.735090970993042
IRIDIUMPIT1,4.0,2149,296,7043522.721219831,1382392.0755000005,26.835163116455078,0.06423629820346832,1.7237915992736816
IRIDIUMPIT1,4.0,2837,238,7042742.661082375,1373137.7875000008,24.814327239990234,0.0693981871008873,1.7220693826675415
IRIDIUMPIT1,4.0,437,481,7046010.844072065,1405420.1875000002,32.32234191894531,0.0527326837182045,1.7044438123703003
IRIDIUMPIT1,4.0,791,36,7040025.89991399,1400658.5335000001,3.8274881839752197,0.44177699089050293,1.6908961534500122
IRIDIUMPIT1,4.0,418,18,7039783.812285123,1405675.7565000001,2.285768747329712,0.7369584441184998,1.6845165491104126
IRIDIUMPIT1,4.0,1845,82,7040644.56829887,1386481.1795000006,3.720431089401245,0.4478435218334198,1.6661709547042847
IRIDIUMPIT1,4.0,1117,466,7045809.104381343,1396273.5075000003,34.75081253051758,0.047857459634542465,1.6630855798721313
IRIDIUMPIT1,4.0,4652,1104,7054389.765893371,1348724.2225000013,26.808067321777344,0.06112983077764511,1.6387726068496704
IRIDIUMPIT1,4.0,2514,661,7048431.720360725,1377482.4605000007,40.73374557495117,0.04016456380486488,1.6360530853271484
IRIDIUMPIT1,4.0,4916,561,7047086.789089248,1345173.1585000013,19.59552764892578,0.08282394707202911,1.622978925704956
IRIDIUMPIT1,4.0,4046,496,7046212.583762786,1356875.5285000012,40.51802444458008,0.04004395753145218,1.622502088546753
IRIDIUMPIT1,4.0,1217,55,7040281.43685557,1394928.4075000004,3.801378011703491,0.42577841877937317,1.6185446977615356
IRIDIUMPIT1,4.0,381,905,7051713.3526631305,1406173.4435,2.7992875576019287,0.5741164088249207,1.607116937637329
IRIDIUMPIT1,4.0,3761,846,7050919.843212958,1360709.063500001,30.35760498046875,0.052730269730091095,1.6007647514343262
IRIDIUMPIT1,4.0,2026,879,7051363.670532546,1384046.5485000005,37.36474609375,0.04255085438489914,1.5899019241333008
IRIDIUMPIT1,4.0,433,476,7045943.597508491,1405473.9915,27.049819946289062,0.057770051062107086,1.5626695156097412
IRIDIUMPIT1,4.0,70,547,7046898.4987112405,1410356.7045,40.04616928100586,0.038900911808013916,1.5578324794769287
IRIDIUMPIT1,4.0,4043,475,7045930.148195776,1356915.881500001,39.025611877441406,0.03968245908617973,1.548632264137268
IRIDIUMPIT1,4.0,2510,865,7051175.380154539,1377536.2645000007,37.44652557373047,0.04133398458361626,1.547814130783081
IRIDIUMPIT1,4.0,3697,244,7042823.356958663,1361569.927500001,27.041046142578125,0.056794583797454834,1.5357849597930908
IRIDIUMPIT1,4.0,1116,480,7045997.39475935,1396286.9585000004,34.056922912597656,0.04463789612054825,1.5202293395996094
IRIDIUMPIT1,4.0,969,328,7043953.099226705,1398264.2555000002,40.46590042114258,0.03752679005265236,1.5185554027557373
IRIDIUMPIT1,4.0,1045,198,7042204.688573783,1397241.9795000004,32.733089447021484,0.04620742425322533,1.5125117301940918
IRIDIUMPIT1,4.0,1121,476,7045943.597508491,1396219.7035000003,33.5744743347168,0.04500865936279297,1.5111421346664429
IRIDIUMPIT1,4.0,13,760,7049763.202319488,1411123.4115,2.1401455402374268,0.7028719782829285,1.5042483806610107
IRIDIUMPIT1,4.0,4333,1114,7054524.2590205185,1353015.0915000013,32.32362365722656,0.046413321048021317,1.5002467632293701
IRIDIUMPIT1,4.0,2800,230,7042635.066580656,1373635.4745000007,88.85588836669922,0.016805855557322502,1.4932992458343506
IRIDIUMPIT1,4.0,4793,948,7052291.673109866,1346827.6315000013,28.91347885131836,0.05134222283959389,1.4844822883605957
IRIDIUMPIT1,4.0,3417,943,7052224.426546291,1365336.207500001,25.481237411499023,0.056994833052158356,1.452298879623413
IRIDIUMPIT1,4.0,2842,689,7048808.3011167385,1373070.5325000007,31.63566017150879,0.045509323477745056,1.4397175312042236
IRIDIUMPIT1,4.0,983,351,7044262.433419144,1398075.9415000002,51.368125915527344,0.027993379160761833,1.4379674196243286
IRIDIUMPIT1,4.0,4340,1107,7054430.113831515,1352920.9345000011,29.53229331970215,0.04863369092345238,1.4362643957138062
IRIDIUMPIT1,4.0,99,880,7051377.119845261,1409966.6255,4.27131462097168,0.3349909782409668,1.4308518171310425
IRIDIUMPIT1,4.0,1109,468,7045836.003006773,1396381.1155000003,32.24714279174805,0.04437129199504852,1.430847406387329
IRIDIUMPIT1,4.0,873,39,7040066.247852134,1399555.5515000003,2.693723678588867,0.5289906859397888,1.4249547719955444
IRIDIUMPIT1,4.0,4790,955,7052385.818298869,1346867.9845000012,27.50663948059082,0.05159732326865196,1.4192689657211304
IRIDIUMPIT1,4.0,704,550,7046938.846649385,1401828.7705,33.101776123046875,0.042832907289266586,1.4178452491760254
IRIDIUMPIT1,4.0,2809,221,7042514.022766223,1373514.4155000008,82.81144714355469,0.01709531433880329,1.4156876802444458
IRIDIUMPIT1,4.0,1845,263,7043078.893900244,1386481.1795000006,33.07883834838867,0.04214826598763466,1.394215703010559
IRIDIUMPIT1,4.0,85,68,7040456.277920863,1410154.9395,1.840525507926941,0.752161979675293,1.3843733072280884
IRIDIUMPIT1,4.0,1455,563,7047113.687714676,1391727.0695000004,22.731538772583008,0.06075374037027359,1.381026029586792
IRIDIUMPIT1,4.0,4057,483,7046037.742697495,1356727.567500001,36.678680419921875,0.03749530762434006,1.375278353691101
IRIDIUMPIT1,4.0,1049,191,7042110.54338478,1397188.1755000004,43.670108795166016,0.03122788853943348,1.3637253046035767
IRIDIUMPIT1,4.0,2520,647,7048243.429982718,1377401.7545000007,36.6522331237793,0.03709995374083519,1.359796166419983
IRIDIUMPIT1,4.0,12,777,7049991.840635639,1411136.8625,2.009725570678711,0.6718071699142456,1.35014808177948
IRIDIUMPIT1,4.0,662,924,7051968.889604711,1402393.7125000001,10.15878677368164,0.13260556757450104,1.347111701965332
IRIDIUMPIT1,4.0,2795,247,7042863.704896808,1373702.7295000008,47.523258209228516,0.028304684907197952,1.3451308012008667
IRIDIUMPIT1,4.0,2796,858,7051081.234965536,1373689.2785000007,37.215824127197266,0.03599321097135544,1.3395169973373413
IRIDIUMPIT1,4.0,1012,953,7052358.91967344,1397685.8625000003,3.770665407180786,0.35271701216697693,1.3299778699874878
IRIDIUMPIT1,4.0,2336,330,7043979.997852134,1379876.7385000007,27.285341262817383,0.04865291342139244,1.3275113105773926
IRIDIUMPIT1,4.0,3693,251,7042917.502147666,1361623.731500001,26.002071380615234,0.05064778029918671,1.3169472217559814
IRIDIUMPIT1,4.0,4844,1048,7053636.604381343,1346141.6305000014,30.977081298828125,0.04235215112566948,1.3119460344314575
IRIDIUMPIT1,4.0,659,919,7051901.643041138,1402434.0655000003,28.127660751342773,0.04642137885093689,1.3057247400283813
IRIDIUMPIT1,4.0,3116,642,7048176.183419144,1369384.9585000009,26.184001922607422,0.049584854394197464,1.2983299493789673
IRIDIUMPIT1,4.0,4838,1050,7053663.503006773,1346222.3365000014,28.630754470825195,0.0453336201608181,1.2979357242584229
IRIDIUMPIT1,4.0,2333,321,7043858.954037701,1379917.0915000006,25.84485626220703,0.04992738738656044,1.2903661727905273
IRIDIUMPIT1,4.0,2032,894,7051565.410223268,1383965.8425000005,35.946292877197266,0.035874247550964355,1.289546251296997
IRIDIUMPIT1,4.0,1075,388,7044760.057989591,1396838.4495000003,28.44474983215332,0.045292239636182785,1.288326382637024
IRIDIUMPIT1,4.0,987,43,7040120.045102993,1398022.1375000002,2.446716785430908,0.5265076756477356,1.288215160369873
IRIDIUMPIT1,4.0,3760,852,7051000.539089248,1360722.514500001,28.92127227783203,0.04451848194003105,1.2875311374664307
IRIDIUMPIT1,4.0,3790,800,7050301.174828079,1360318.984500001,27.506816864013672,0.04676104336977005,1.2862474918365479
IRIDIUMPIT1,5.0,457,876,7051323.322594401,1405151.1675000002,147.30389404296875,0.08729273825883865,12.858560562133789
IRIDIUMPIT1,5.0,464,859,7051094.684278251,1405057.0105,131.1725311279297,0.09119513630867004,11.962296485900879
IRIDIUMPIT1,5.0,471,868,7051215.7280926835,1404962.8535000002,130.0403289794922,0.08787009865045547,11.426656723022461
IRIDIUMPIT1,5.0,456,859,7051094.684278251,1405164.6185,126.1815185546875,0.08565758913755417,10.808404922485352
IRIDIUMPIT1,5.0,2792,667,7048512.416237013,1373743.0825000007,110.47078704833984,0.09331446886062622,10.308523178100586
IRIDIUMPIT1,5.0,1761,716,7049171.432560038,1387611.0635000004,69.58595275878906,0.14041748642921448,9.771084785461426
IRIDIUMPIT1,5.0,703,109,7041007.699742168,1401842.2215000002,134.66671752929688,0.07105861604213715,9.569231033325195
IRIDIUMPIT1,5.0,689,119,7041142.192869316,1402030.5355000002,141.7796173095703,0.06684765964746475,9.477635383605957
IRIDIUMPIT1,5.0,1337,425,7045257.682560038,1393314.2875000003,48.27938461303711,0.1771487593650818,8.552633285522461
IRIDIUMPIT1,5.0,2108,281,7043320.98152911,1382943.5665000007,58.50697708129883,0.13989640772342682,8.184915542602539
IRIDIUMPIT1,5.0,2685,735,7049426.969501618,1375182.3395000007,122.51528930664062,0.06676365435123444,8.17956829071045
IRIDIUMPIT1,5.0,694,103,7040927.00386588,1401963.2805,131.59005737304688,0.06128276139497757,8.064202308654785
IRIDIUMPIT1,5.0,4311,934,7052103.382731859,1353311.0135000013,64.54946899414062,0.11973408609628677,7.728771686553955
IRIDIUMPIT1,5.0,701,122,7041182.54080746,1401869.1235000002,122.23814392089844,0.06305739283561707,7.708018779754639
IRIDIUMPIT1,5.0,2907,890,7051511.6129724085,1372196.2175000007,177.310791015625,0.04214506223797798,7.472774505615234
IRIDIUMPIT1,5.0,2670,738,7049467.317439763,1375384.1045000008,152.0401153564453,0.048731181770563126,7.409094333648682
IRIDIUMPIT1,5.0,2906,875,7051309.8732816875,1372209.6685000008,184.58999633789062,0.03821111470460892,7.053389549255371
IRIDIUMPIT1,5.0,2892,880,7051377.119845261,1372397.9825000009,186.023193359375,0.03784143924713135,7.0393853187561035
IRIDIUMPIT1,5.0,4317,947,7052278.223797151,1353230.3075000013,57.56953430175781,0.12193017452955246,7.019463539123535
IRIDIUMPIT1,5.0,1675,495,7046199.134450072,1388767.8495000005,70.14173889160156,0.09518330544233322,6.6763224601745605
IRIDIUMPIT1,5.0,33,525,7046602.613831515,1410854.3915,8.901960372924805,0.7036545276641846,6.263904571533203
IRIDIUMPIT1,5.0,4629,1027,7053354.168814333,1349033.5955000012,87.26599884033203,0.06980875134468079,6.091930389404297
IRIDIUMPIT1,5.0,2674,726,7049305.9256871855,1375330.3005000008,140.15992736816406,0.043305180966854095,6.069651126861572
IRIDIUMPIT1,5.0,4635,1027,7053354.168814333,1348952.8895000012,71.24248504638672,0.07995135337114334,5.695932865142822
IRIDIUMPIT1,5.0,1302,603,7047651.660223268,1393785.0725000002,53.082942962646484,0.1063840463757515,5.6471781730651855
IRIDIUMPIT1,5.0,2790,647,7048243.429982718,1373769.9845000007,132.96377563476562,0.04147792235016823,5.515061378479004
IRIDIUMPIT1,5.0,4306,945,7052251.325171721,1353378.2685000012,57.51833724975586,0.09217338263988495,5.30165958404541
IRIDIUMPIT1,5.0,1997,789,7050153.232388216,1384436.6275000006,124.5687255859375,0.04083748906850815,5.087073802947998
IRIDIUMPIT1,5.0,9,813,7050476.015893371,1411177.2155,7.30133056640625,0.6542347073554993,4.7767839431762695
IRIDIUMPIT1,5.0,692,899,7051632.656786841,1401990.1825,48.93262481689453,0.09549614787101746,4.672877311706543
IRIDIUMPIT1,5.0,61,393,7044827.304553165,1410477.7635000001,8.169575691223145,0.5683712363243103,4.643352031707764
IRIDIUMPIT1,5.0,1994,777,7049991.840635639,1384476.9805000005,126.64234924316406,0.03659956902265549,4.6350555419921875
IRIDIUMPIT1,5.0,1572,512,7046427.772766223,1390153.3025000005,66.0474853515625,0.07012268900871277,4.63142728805542
IRIDIUMPIT1,5.0,2006,779,7050018.739261068,1384315.5685000005,117.79408264160156,0.03856480121612549,4.542705535888672
IRIDIUMPIT1,5.0,42,482,7046024.29338478,1410733.3325,8.343206405639648,0.5409125089645386,4.51294469833374
IRIDIUMPIT1,5.0,1139,52,7040241.088917426,1395977.5855000003,10.278522491455078,0.4369891583919525,4.491602897644043
IRIDIUMPIT1,5.0,62,365,7044450.723797151,1410464.3125,6.181468963623047,0.7053209543228149,4.359919548034668
IRIDIUMPIT1,5.0,3055,506,7046347.076889935,1370205.4695000008,120.33910369873047,0.035480841994285583,4.26973295211792
IRIDIUMPIT1,5.0,1759,728,7049332.824312615,1387637.9655000004,54.10960388183594,0.07729736715555191,4.182529926300049
IRIDIUMPIT1,5.0,2805,657,7048377.923109866,1373568.2195000008,105.18391418457031,0.039430245757102966,4.147427558898926
IRIDIUMPIT1,5.0,4633,1034,7053448.314003336,1348979.7915000012,59.30321502685547,0.06839736551046371,4.056183815002441
IRIDIUMPIT1,5.0,3043,487,7046091.539948354,1370366.8815000008,76.49252319335938,0.05202801898121834,3.9797544479370117
IRIDIUMPIT1,5.0,4874,956,7052399.267611584,1345738.1005000013,44.03854751586914,0.08930008858442307,3.9326462745666504
IRIDIUMPIT1,5.0,4625,1016,7053206.226374471,1349087.3995000012,60.37396240234375,0.06471177190542221,3.9069061279296875
IRIDIUMPIT1,5.0,2792,711,7049104.1859964635,1373743.0825000007,77.76171112060547,0.05015326291322708,3.900003433227539
IRIDIUMPIT1,5.0,1560,504,7046320.178264505,1390314.7145000005,58.75907516479492,0.06546632200479507,3.846740484237671
IRIDIUMPIT1,5.0,1558,509,7046387.424828079,1390341.6165000005,63.130435943603516,0.06055580824613571,3.8229146003723145
IRIDIUMPIT1,5.0,1921,899,7051632.656786841,1385458.9035000005,44.854339599609375,0.084896981716156,3.807997941970825
IRIDIUMPIT1,5.0,774,597,7047570.964346979,1400887.2005000003,47.417930603027344,0.07691282778978348,3.6470470428466797
IRIDIUMPIT1,5.0,2602,605,7047678.558848698,1376298.7725000007,32.65928649902344,0.11099468916654587,3.625007390975952
IRIDIUMPIT1,5.0,3040,502,7046293.2796390755,1370407.2345000007,103.69139862060547,0.034162551164627075,3.542362689971924
IRIDIUMPIT1,5.0,3047,514,7046454.671391653,1370313.0775000008,95.87779235839844,0.03691381588578224,3.539215087890625
IRIDIUMPIT1,5.0,1910,902,7051673.004724986,1385606.8645000006,44.13417434692383,0.07949696481227875,3.508533000946045
IRIDIUMPIT1,5.0,1080,49,7040200.740979282,1396771.1945000002,7.903077125549316,0.4421585202217102,3.494412899017334
IRIDIUMPIT1,5.0,1917,890,7051511.6129724085,1385512.7075000005,44.40241241455078,0.07860665023326874,3.4903249740600586
IRIDIUMPIT1,5.0,4855,1086,7054147.678264505,1345993.6695000012,37.33115005493164,0.09276051074266434,3.4628565311431885
IRIDIUMPIT1,5.0,768,606,7047692.008161413,1400967.9065000003,50.01806640625,0.06921518594026566,3.4620096683502197
IRIDIUMPIT1,5.0,4654,1138,7054847.042525673,1348697.3205000013,43.0780143737793,0.07807900011539459,3.36348819732666
IRIDIUMPIT1,5.0,1562,519,7046521.917955226,1390287.8125000005,56.06242752075195,0.05958930030465126,3.3407208919525146
IRIDIUMPIT1,5.0,4853,1093,7054241.823453508,1346020.5715000012,33.001380920410156,0.10029682517051697,3.309933662414551
IRIDIUMPIT1,5.0,4571,763,7049803.5502576325,1349813.7535000013,34.874168395996094,0.09275681525468826,3.234816789627075
IRIDIUMPIT1,5.0,2109,270,7043173.039089248,1382930.1155000005,40.683128356933594,0.07653649896383286,3.1137442588806152
IRIDIUMPIT1,5.0,138,885,7051444.366408835,1409442.0365,4.831297874450684,0.6080877184867859,2.9378528594970703
IRIDIUMPIT1,5.0,2373,532,7046696.7590205185,1379379.0515000005,53.32338333129883,0.05483720451593399,2.924105167388916
IRIDIUMPIT1,5.0,4861,1093,7054241.823453508,1345912.9635000012,32.15497589111328,0.09070035070180893,2.9164676666259766
IRIDIUMPIT1,5.0,927,434,7045378.726374471,1398829.1975000002,34.03474807739258,0.08191914856433868,2.788097620010376
IRIDIUMPIT1,5.0,2094,492,7046158.786511928,1383131.8805000007,36.3974723815918,0.07487183064222336,2.7251453399658203
IRIDIUMPIT1,5.0,1446,172,7041855.0064432,1391848.1285000003,33.10157012939453,0.08212560415267944,2.7184865474700928
IRIDIUMPIT1,5.0,1473,606,7047692.008161413,1391484.9515000004,97.89315032958984,0.02753540128469467,2.6955270767211914
IRIDIUMPIT1,5.0,1909,892,7051538.511597838,1385620.3155000005,44.31678009033203,0.059866975992918015,2.653111696243286
IRIDIUMPIT1,5.0,4572,757,7049722.854381343,1349800.3025000012,36.383750915527344,0.07235892862081528,2.6326892375946045
IRIDIUMPIT1,5.0,10,836,7050785.350085811,1411163.7645,3.685927152633667,0.7134886384010315,2.6298670768737793
IRIDIUMPIT1,5.0,3105,923,7051955.440291996,1369532.9195000008,32.345340728759766,0.07885263860225677,2.5505154132843018
IRIDIUMPIT1,5.0,2367,524,7046589.164518801,1379459.7575000005,57.428253173828125,0.0440424382686615,2.529280185699463
IRIDIUMPIT1,5.0,2364,522,7046562.265893371,1379500.1105000007,47.73894119262695,0.05248452350497246,2.5055556297302246
IRIDIUMPIT1,5.0,3096,920,7051915.092353852,1369653.978500001,32.20749282836914,0.07740984857082367,2.4931771755218506
IRIDIUMPIT1,5.0,2727,546,7046885.049398526,1374617.3975000007,38.68186569213867,0.06296122074127197,2.435457468032837
IRIDIUMPIT1,5.0,2124,878,7051350.221219831,1382728.3505000006,31.040088653564453,0.07799036055803299,2.420827627182007
IRIDIUMPIT1,5.0,661,29,7039931.754724986,1402407.1635000003,4.008615493774414,0.6002305746078491,2.4060935974121094
IRIDIUMPIT1,5.0,3339,297,7043536.170532546,1366385.3855000008,30.56960105895996,0.07703114300966263,2.354811429977417
IRIDIUMPIT1,5.0,2120,872,7051269.525343543,1382782.1545000006,34.02464294433594,0.06913110613822937,2.352161169052124
IRIDIUMPIT1,5.0,1756,605,7047678.558848698,1387678.3185000005,30.908674240112305,0.07427902519702911,2.2958662509918213
IRIDIUMPIT1,5.0,2151,302,7043603.41709612,1382365.1735000005,30.399934768676758,0.0755160003900528,2.2956814765930176
IRIDIUMPIT1,5.0,1121,49,7040200.740979282,1396219.7035000003,4.344714164733887,0.5276223421096802,2.292368173599243
IRIDIUMPIT1,5.0,1251,322,7043872.403350416,1394471.0735000004,33.15690231323242,0.06690053641796112,2.218214511871338
IRIDIUMPIT1,5.0,1703,811,7050449.117267941,1388391.2215000005,38.48497772216797,0.0576181560754776,2.217433452606201
IRIDIUMPIT1,5.0,2499,865,7051175.380154539,1377684.2255000006,46.50621032714844,0.04756438359618187,2.2120392322540283
IRIDIUMPIT1,5.0,2815,837,7050798.799398526,1373433.7095000008,28.372154235839844,0.07783392071723938,2.2083160877227783
IRIDIUMPIT1,5.0,2508,855,7051040.887027391,1377563.1665000007,42.3580436706543,0.051665276288986206,2.1884400844573975
IRIDIUMPIT1,5.0,2836,681,7048700.7066150205,1373151.2385000007,37.26128387451172,0.058316927403211594,2.1729636192321777
IRIDIUMPIT1,5.0,661,908,7051753.700601275,1402407.1635000003,29.19452667236328,0.07047173380851746,2.0573890209198
IRIDIUMPIT1,5.0,41,437,7045419.074312615,1410746.7835,2.9549338817596436,0.682503342628479,2.016752243041992
IRIDIUMPIT1,5.0,764,594,7047530.616408835,1401021.7105000003,37.50729751586914,0.053491197526454926,2.006310224533081
IRIDIUMPIT1,5.0,2833,689,7048808.3011167385,1373191.5915000008,36.931907653808594,0.054206520318984985,2.001950263977051
IRIDIUMPIT1,5.0,4044,488,7046104.989261068,1356902.4305000012,59.346656799316406,0.03332793340086937,1.9779014587402344
IRIDIUMPIT1,5.0,2959,638,7048122.386168285,1371496.7655000007,30.484418869018555,0.0647423267364502,1.9736322164535522
IRIDIUMPIT1,5.0,1326,581,7047355.775343543,1393462.2485000005,37.17437744140625,0.05300305783748627,1.9703556299209595
IRIDIUMPIT1,5.0,2799,845,7050906.393900244,1373648.9255000008,36.89463424682617,0.05329589173197746,1.9663324356079102
IRIDIUMPIT1,5.0,2957,631,7048028.240979281,1371523.667500001,30.77614402770996,0.06380096822977066,1.9635478258132935
IRIDIUMPIT1,5.0,1165,604,7047665.109535983,1395627.8595000003,34.621498107910156,0.05450371280312538,1.8870002031326294
IRIDIUMPIT1,5.0,546,25,7039877.957474127,1403954.0285000002,2.7787976264953613,0.6731753945350647,1.870618224143982
IRIDIUMPIT1,5.0,2212,576,7047288.528779969,1381544.6625000006,32.231990814208984,0.057586461305618286,1.856126308441162
IRIDIUMPIT1,5.0,3458,214,7042419.87757722,1364784.716500001,21.84206199645996,0.08304271847009659,1.81382417678833
IRIDIUMPIT1,5.0,2724,533,7046710.208333233,1374657.7505000008,41.34782791137695,0.043527621775865555,1.7997726202011108
IRIDIUMPIT1,5.0,3368,691,7048835.199742168,1365995.3065000009,28.336694717407227,0.06300988048315048,1.785491704940796
IRIDIUMPIT1,5.0,3768,850,7050973.640463818,1360614.906500001,30.864120483398438,0.057626280933618546,1.7785844802856445
IRIDIUMPIT1,5.0,2952,638,7048122.386168285,1371590.9225000008,31.13776397705078,0.057049334049224854,1.7763886451721191
IRIDIUMPIT1,5.0,26,618,7047853.39991399,1410948.5485,3.014519214630127,0.5891554951667786,1.7760205268859863
IRIDIUMPIT1,5.0,4036,483,7046037.742697495,1357010.0385000012,41.1082649230957,0.043125055730342865,1.7727962732315063
IRIDIUMPIT1,5.0,2729,532,7046696.7590205185,1374590.4955000007,38.0647087097168,0.04653932526707649,1.7715058326721191
IRIDIUMPIT1,5.0,2363,534,7046723.657645948,1379513.5615000005,42.57218551635742,0.041510507464408875,1.767193078994751
IRIDIUMPIT1,5.0,2210,585,7047409.572594402,1381571.5645000006,31.243337631225586,0.05578907951712608,1.7430371046066284
IRIDIUMPIT1,5.0,1041,45,7040146.943728423,1397295.7835000004,3.3590784072875977,0.5165377855300903,1.735090970993042
IRIDIUMPIT1,5.0,2149,296,7043522.721219831,1382392.0755000005,26.835163116455078,0.06423629820346832,1.7237915992736816
IRIDIUMPIT1,5.0,2837,238,7042742.661082375,1373137.7875000008,24.814327239990234,0.0693981871008873,1.7220693826675415
IRIDIUMPIT1,5.0,437,481,7046010.844072065,1405420.1875000002,32.32234191894531,0.0527326837182045,1.7044438123703003
IRIDIUMPIT1,5.0,791,36,7040025.89991399,1400658.5335000001,3.8274881839752197,0.44177699089050293,1.6908961534500122
IRIDIUMPIT1,5.0,418,18,7039783.812285123,1405675.7565000001,2.285768747329712,0.7369584441184998,1.6845165491104126
IRIDIUMPIT1,5.0,1845,82,7040644.56829887,1386481.1795000006,3.720431089401245,0.4478435218334198,1.6661709547042847
IRIDIUMPIT1,5.0,1117,466,7045809.104381343,1396273.5075000003,34.75081253051758,0.047857459634542465,1.6630855798721313
IRIDIUMPIT1,5.0,4652,1104,7054389.765893371,1348724.2225000013,26.808067321777344,0.06112983077764511,1.6387726068496704
IRIDIUMPIT1,5.0,2514,661,7048431.720360725,1377482.4605000007,40.73374557495117,0.04016456380486488,1.6360530853271484
IRIDIUMPIT1,5.0,4916,561,7047086.789089248,1345173.1585000013,19.59552764892578,0.08282394707202911,1.622978925704956
IRIDIUMPIT1,5.0,4046,496,7046212.583762786,1356875.5285000012,40.51802444458008,0.04004395753145218,1.622502088546753
IRIDIUMPIT1,5.0,1217,55,7040281.43685557,1394928.4075000004,3.801378011703491,0.42577841877937317,1.6185446977615356
IRIDIUMPIT1,5.0,381,905,7051713.3526631305,1406173.4435,2.7992875576019287,0.5741164088249207,1.607116937637329
IRIDIUMPIT1,5.0,3761,846,7050919.843212958,1360709.063500001,30.35760498046875,0.052730269730091095,1.6007647514343262
IRIDIUMPIT1,5.0,2026,879,7051363.670532546,1384046.5485000005,37.36474609375,0.04255085438489914,1.5899019241333008
IRIDIUMPIT1,5.0,433,476,7045943.597508491,1405473.9915,27.049819946289062,0.057770051062107086,1.5626695156097412
IRIDIUMPIT1,5.0,70,547,7046898.4987112405,1410356.7045,40.04616928100586,0.038900911808013916,1.5578324794769287
IRIDIUMPIT1,5.0,4043,475,7045930.148195776,1356915.881500001,39.025611877441406,0.03968245908617973,1.548632264137268
IRIDIUMPIT1,5.0,2510,865,7051175.380154539,1377536.2645000007,37.44652557373047,0.04133398458361626,1.547814130783081
IRIDIUMPIT1,5.0,3697,244,7042823.356958663,1361569.927500001,27.041046142578125,0.056794583797454834,1.5357849597930908
IRIDIUMPIT1,5.0,1116,480,7045997.39475935,1396286.9585000004,34.056922912597656,0.04463789612054825,1.5202293395996094
IRIDIUMPIT1,5.0,969,328,7043953.099226705,1398264.2555000002,40.46590042114258,0.03752679005265236,1.5185554027557373
IRIDIUMPIT1,5.0,1045,198,7042204.688573783,1397241.9795000004,32.733089447021484,0.04620742425322533,1.5125117301940918
IRIDIUMPIT1,5.0,1121,476,7045943.597508491,1396219.7035000003,33.5744743347168,0.04500865936279297,1.5111421346664429
IRIDIUMPIT1,5.0,13,760,7049763.202319488,1411123.4115,2.1401455402374268,0.7028719782829285,1.5042483806610107
IRIDIUMPIT1,5.0,4333,1114,7054524.2590205185,1353015.0915000013,32.32362365722656,0.046413321048021317,1.5002467632293701
IRIDIUMPIT1,5.0,2800,230,7042635.066580656,1373635.4745000007,88.85588836669922,0.016805855557322502,1.4932992458343506
IRIDIUMPIT1,5.0,4793,948,7052291.673109866,1346827.6315000013,28.91347885131836,0.05134222283959389,1.4844822883605957
IRIDIUMPIT1,5.0,3417,943,7052224.426546291,1365336.207500001,25.481237411499023,0.056994833052158356,1.452298879623413
IRIDIUMPIT1,5.0,2842,689,7048808.3011167385,1373070.5325000007,31.63566017150879,0.045509323477745056,1.4397175312042236
IRIDIUMPIT1,5.0,983,351,7044262.433419144,1398075.9415000002,51.368125915527344,0.027993379160761833,1.4379674196243286
IRIDIUMPIT1,5.0,4340,1107,7054430.113831515,1352920.9345000011,29.53229331970215,0.04863369092345238,1.4362643957138062
IRIDIUMPIT1,5.0,99,880,7051377.119845261,1409966.6255,4.27131462097168,0.3349909782409668,1.4308518171310425
IRIDIUMPIT1,5.0,1109,468,7045836.003006773,1396381.1155000003,32.24714279174805,0.04437129199504852,1.430847406387329
IRIDIUMPIT1,5.0,873,39,7040066.247852134,1399555.5515000003,2.693723678588867,0.5289906859397888,1.4249547719955444
IRIDIUMPIT1,5.0,4790,955,7052385.818298869,1346867.9845000012,27.50663948059082,0.05159732326865196,1.4192689657211304
IRIDIUMPIT1,5.0,704,550,7046938.846649385,1401828.7705,33.101776123046875,0.042832907289266586,1.4178452491760254
IRIDIUMPIT1,5.0,2809,221,7042514.022766223,1373514.4155000008,82.81144714355469,0.01709531433880329,1.4156876802444458
IRIDIUMPIT1,5.0,1845,263,7043078.893900244,1386481.1795000006,33.07883834838867,0.04214826598763466,1.394215703010559
IRIDIUMPIT1,5.0,85,68,7040456.277920863,1410154.9395,1.840525507926941,0.752161979675293,1.3843733072280884
IRIDIUMPIT1,5.0,1455,563,7047113.687714676,1391727.0695000004,22.731538772583008,0.06075374037027359,1.381026029586792
IRIDIUMPIT1,5.0,4057,483,7046037.742697495,1356727.567500001,36.678680419921875,0.03749530762434006,1.375278353691101
IRIDIUMPIT1,5.0,1049,191,7042110.54338478,1397188.1755000004,43.670108795166016,0.03122788853943348,1.3637253046035767
IRIDIUMPIT1,5.0,2520,647,7048243.429982718,1377401.7545000007,36.6522331237793,0.03709995374083519,1.359796166419983
IRIDIUMPIT1,5.0,12,777,7049991.840635639,1411136.8625,2.009725570678711,0.6718071699142456,1.35014808177948
IRIDIUMPIT1,5.0,662,924,7051968.889604711,1402393.7125000001,10.15878677368164,0.13260556757450104,1.347111701965332
IRIDIUMPIT1,5.0,2795,247,7042863.704896808,1373702.7295000008,47.523258209228516,0.028304684907197952,1.3451308012008667
IRIDIUMPIT1,5.0,2796,858,7051081.234965536,1373689.2785000007,37.215824127197266,0.03599321097135544,1.3395169973373413
IRIDIUMPIT1,5.0,1012,953,7052358.91967344,1397685.8625000003,3.770665407180786,0.35271701216697693,1.3299778699874878
IRIDIUMPIT1,5.0,2336,330,7043979.997852134,1379876.7385000007,27.285341262817383,0.04865291342139244,1.3275113105773926
IRIDIUMPIT1,5.0,3693,251,7042917.502147666,1361623.731500001,26.002071380615234,0.05064778029918671,1.3169472217559814
IRIDIUMPIT1,5.0,4844,1048,7053636.604381343,1346141.6305000014,30.977081298828125,0.04235215112566948,1.3119460344314575
IRIDIUMPIT1,5.0,659,919,7051901.643041138,1402434.0655000003,28.127660751342773,0.04642137885093689,1.3057247400283813
IRIDIUMPIT1,5.0,3116,642,7048176.183419144,1369384.9585000009,26.184001922607422,0.049584854394197464,1.2983299493789673
IRIDIUMPIT1,5.0,4838,1050,7053663.503006773,1346222.3365000014,28.630754470825195,0.0453336201608181,1.2979357242584229
IRIDIUMPIT1,5.0,2333,321,7043858.954037701,1379917.0915000006,25.84485626220703,0.04992738738656044,1.2903661727905273
IRIDIUMPIT1,5.0,2032,894,7051565.410223268,1383965.8425000005,35.946292877197266,0.035874247550964355,1.289546251296997
IRIDIUMPIT1,5.0,1075,388,7044760.057989591,1396838.4495000003,28.44474983215332,0.045292239636182785,1.288326382637024
IRIDIUMPIT1,5.0,987,43,7040120.045102993,1398022.1375000002,2.446716785430908,0.5265076756477356,1.288215160369873
IRIDIUMPIT1,5.0,3760,852,7051000.539089248,1360722.514500001,28.92127227783203,0.04451848194003105,1.2875311374664307
IRIDIUMPIT1,5.0,3790,800,7050301.174828079,1360318.984500001,27.506816864013672,0.04676104336977005,1.2862474918365479
