site,product_id,incidence_deg,emission_deg,resolution_m,acquisition_time,size_bytes,sha256,local_path,pds_url
TRANQPIT1,M1534441049LE,26.77,6.83,0.6541,(DOY:146) 2026-05-26T13:23:02,264467400,1d269bda08c66879ae8ba3cee35dca9a33139746a7f7b9a5088df59aa42381e6,/home/frostflux/lunarvoid/data/edr/multillum/TRANQPIT1/M1534441049LE.IMG,https://pds.lroc.im-ldi.com/data/LRO-L-LROC-2-EDR-V1.0/LROLRC_0067C/DATA/ESM6/2026146/NAC/M1534441049LE.IMG
TRANQPIT1,M1486462961LE,47.47,43.28,1.0856,(DOY:322) 2024-11-17T06:08:14,264467400,da25a5f96e09a78901e5aa6dd3f0ab3bc26d59dc240ee0985bdd37f36215553d,/home/frostflux/lunarvoid/data/edr/multillum/TRANQPIT1/M1486462961LE.IMG,https://pds.lroc.im-ldi.com/data/LRO-L-LROC-2-EDR-V1.0/LROLRC_0061C/DATA/ESM5/2024322/NAC/M1486462961LE.IMG
TRANQPIT1,M1335130357LE,68.16,1.72,0.8204,(DOY:031) 2020-01-31T17:18:09,238539720,cd8932fad34859ef7b47f37bd8c0aef85f697ced0fa17f55f69ef14aa5e1a56b,/home/frostflux/lunarvoid/data/edr/multillum/TRANQPIT1/M1335130357LE.IMG,https://pds.lroc.im-ldi.com/data/LRO-L-LROC-2-EDR-V1.0/LROLRC_0042B/DATA/ESM4/2020031/NAC/M1335130357LE.IMG
TRANQPIT1,M1410264499LE,93.20,1.70,0.7523,(DOY:170) 2022-06-19T07:53:51,264467400,1ba9895713b6bf433aa0bfc906665b69b4357f3e8b78ed17572f539fceb3bdb7,/home/frostflux/lunarvoid/data/edr/multillum/TRANQPIT1/M1410264499LE.IMG,https://pds.lroc.im-ldi.com/data/LRO-L-LROC-2-EDR-V1.0/LROLRC_0052A/DATA/ESM4/2022170/NAC/M1410264499LE.IMG
FECUNPIT,M1391387574LE,32.09,1.72,0.8579,(DOY:316) 2021-11-12T20:18:26,222983112,f6ec04d3c28c8d77e8f456db544258254c770a6ed30cb618091fb9ff98b17099,/home/frostflux/lunarvoid/data/edr/multillum/FECUNPIT/M1391387574LE.IMG,https://pds.lroc.im-ldi.com/data/LRO-L-LROC-2-EDR-V1.0/LROLRC_0049B/DATA/ESM4/2021316/NAC/M1391387574LE.IMG
FECUNPIT,M1514447745LE,51.33,1.72,0.7983,(DOY:280) 2025-10-07T03:41:18,264467400,448f5ac3e697b0c30a4d9943e8aa7a32e70b8fa3ee8cf405847f5d3a9e493f5f,/home/frostflux/lunarvoid/data/edr/multillum/FECUNPIT/M1514447745LE.IMG,https://pds.lroc.im-ldi.com/data/LRO-L-LROC-2-EDR-V1.0/LROLRC_0065A/DATA/ESM6/2025280/NAC/M1514447745LE.IMG
FECUNPIT,M1350283515LE,72.62,37.75,1.2121,(DOY:207) 2020-07-25T02:30:48,264467400,c15f8afeae13fa83d6cd3f8f96be9012be6db3d2b903b5126ceda60e6895dc28,/home/frostflux/lunarvoid/data/edr/multillum/FECUNPIT/M1350283515LE.IMG,https://pds.lroc.im-ldi.com/data/LRO-L-LROC-2-EDR-V1.0/LROLRC_0044B/DATA/ESM4/2020207/NAC/M1350283515LE.IMG
FECUNPIT,M1292721337LE,86.61,1.72,1.6078,(DOY:270) 2018-09-27T21:01:10,132236232,dacf67bd844037fedc64d0bac897ef60cfe653eccc5250037eb2091794873dad,/home/frostflux/lunarvoid/data/edr/multillum/FECUNPIT/M1292721337LE.IMG,https://pds.lroc.im-ldi.com/data/LRO-L-LROC-2-EDR-V1.0/LROLRC_0037A/DATA/ESM3/2018270/NAC/M1292721337LE.IMG
FECNDITATS2,M1197457075LE,34.71,1.73,0.9246,(DOY:264) 2015-09-21T06:43:28,264467400,473c4235073c86c4813f00c1764fec73364c82667e2fdc98e959398a5b4eee7a,/home/frostflux/lunarvoid/data/edr/multillum/FECNDITATS2/M1197457075LE.IMG,https://pds.lroc.im-ldi.com/data/LRO-L-LROC-2-EDR-V1.0/LROLRC_0025/DATA/ESM2/2015264/NAC/M1197457075LE.IMG
FECNDITATS2,M1514447745LE,51.33,1.72,0.7983,(DOY:280) 2025-10-07T03:41:18,264467400,448f5ac3e697b0c30a4d9943e8aa7a32e70b8fa3ee8cf405847f5d3a9e493f5f,/home/frostflux/lunarvoid/data/edr/multillum/FECNDITATS2/M1514447745LE.IMG,https://pds.lroc.im-ldi.com/data/LRO-L-LROC-2-EDR-V1.0/LROLRC_0065A/DATA/ESM6/2025280/NAC/M1514447745LE.IMG
FECNDITATS2,M1350283515LE,72.62,37.75,1.2121,(DOY:207) 2020-07-25T02:30:48,264467400,c15f8afeae13fa83d6cd3f8f96be9012be6db3d2b903b5126ceda60e6895dc28,/home/frostflux/lunarvoid/data/edr/multillum/FECNDITATS2/M1350283515LE.IMG,https://pds.lroc.im-ldi.com/data/LRO-L-LROC-2-EDR-V1.0/LROLRC_0044B/DATA/ESM4/2020207/NAC/M1350283515LE.IMG
FECNDITATS2,M1292721337LE,86.61,1.72,1.6078,(DOY:270) 2018-09-27T21:01:10,132236232,dacf67bd844037fedc64d0bac897ef60cfe653eccc5250037eb2091794873dad,/home/frostflux/lunarvoid/data/edr/multillum/FECNDITATS2/M1292721337LE.IMG,https://pds.lroc.im-ldi.com/data/LRO-L-LROC-2-EDR-V1.0/LROLRC_0037A/DATA/ESM3/2018270/NAC/M1292721337LE.IMG
INGENIIPIT,M1462184181LE,35.45,1.74,0.7770,(DOY:041) 2024-02-10T06:01:53,264467400,5e87a0aafdfb7a4b7ce7d4f2e6c897e46c308a63d6d916b071b4c480425832be,/home/frostflux/lunarvoid/data/edr/multillum/INGENIIPIT/M1462184181LE.IMG,https://pds.lroc.im-ldi.com/data/LRO-L-LROC-2-EDR-V1.0/LROLRC_0058B/DATA/ESM5/2024041/NAC/M1462184181LE.IMG
INGENIIPIT,M1528865537LE,51.76,1.75,1.1592,(DOY:082) 2026-03-23T00:37:50,264467400,f0f3630c70acd3339f065046a305b44b308c374f5bf4cf1a3adb235a275f67b0,/home/frostflux/lunarvoid/data/edr/multillum/INGENIIPIT/M1528865537LE.IMG,https://pds.lroc.im-ldi.com/data/LRO-L-LROC-2-EDR-V1.0/LROLRC_0067A/DATA/ESM6/2026082/NAC/M1528865537LE.IMG
INGENIIPIT,M1451569797LE,68.58,32.90,1.3688,(DOY:283) 2023-10-10T09:35:30,264467400,329298b995d6e616329b3c058cd909254000eece4954342ade7e0b79342ee8f4,/home/frostflux/lunarvoid/data/edr/multillum/INGENIIPIT/M1451569797LE.IMG,https://pds.lroc.im-ldi.com/data/LRO-L-LROC-2-EDR-V1.0/LROLRC_0057A/DATA/ESM5/2023283/NAC/M1451569797LE.IMG
INGENIIPIT,M1171949099LE,84.78,30.73,1.7650,(DOY:334) 2014-11-30T01:10:32,132236232,2b25aad55a67eb88431f426e4da862ad7ebc11c79a7e99990d5b9df81a755fb9,/home/frostflux/lunarvoid/data/edr/multillum/INGENIIPIT/M1171949099LE.IMG,https://pds.lroc.im-ldi.com/data/LRO-L-LROC-2-EDR-V1.0/LROLRC_0021/DATA/ESM2/2014334/NAC/M1171949099LE.IMG
MARIUSPIT01,M1502268466LE,27.00,1.73,0.9603,(DOY:139) 2025-05-19T04:33:19,197055432,fd1c98d0c77b1d052e5dabe1256bba59dbd353d3a8982a21d5708724275aff96,/home/frostflux/lunarvoid/data/edr/multillum/MARIUSPIT01/M1502268466LE.IMG,https://pds.lroc.im-ldi.com/data/LRO-L-LROC-2-EDR-V1.0/LROLRC_0063C/DATA/ESM5/2025139/NAC/M1502268466LE.IMG
MARIUSPIT01,M1528018062LE,57.67,12.43,0.8238,(DOY:072) 2026-03-13T05:13:15,264467400,585b9fdb676108e3e56db5815a120804496a256bcbcd2cda79f76c7ac649371f,/home/frostflux/lunarvoid/data/edr/multillum/MARIUSPIT01/M1528018062LE.IMG,https://pds.lroc.im-ldi.com/data/LRO-L-LROC-2-EDR-V1.0/LROLRC_0066C/DATA/ESM6/2026072/NAC/M1528018062LE.IMG
MARIUSPIT01,M1169892248LE,70.31,0.99,1.0987,(DOY:310) 2014-11-06T05:49:40,264467400,d7f2959f75e16b834a2b4e64cf4170cf3187c35a155a8d30ceba438fc02b8be4,/home/frostflux/lunarvoid/data/edr/multillum/MARIUSPIT01/M1169892248LE.IMG,https://pds.lroc.im-ldi.com/data/LRO-L-LROC-2-EDR-V1.0/LROLRC_0021/DATA/ESM2/2014310/NAC/M1169892248LE.IMG
MARIUSPIT01,M1336885005LE,89.30,1.73,0.9167,(DOY:052) 2020-02-21T00:42:18,264467400,718358995c6167d9a80876fb86b05b7705aa0574b9824588d91c4a2d8b45bde9,/home/frostflux/lunarvoid/data/edr/multillum/MARIUSPIT01/M1336885005LE.IMG,https://pds.lroc.im-ldi.com/data/LRO-L-LROC-2-EDR-V1.0/LROLRC_0042C/DATA/ESM4/2020052/NAC/M1336885005LE.IMG
PRCLRMPIT01,M1269844469LE,34.66,1.75,1.0540,(DOY:006) 2018-01-06T02:20:02,264467400,ce4e10f7594cefb1672f1460a8f55e812a875cd48e7c6739ae86d815fb620897,/home/frostflux/lunarvoid/data/edr/multillum/PRCLRMPIT01/M1269844469LE.IMG,https://pds.lroc.im-ldi.com/data/LRO-L-LROC-2-EDR-V1.0/LROLRC_0034/DATA/ESM3/2018006/NAC/M1269844469LE.IMG
PRCLRMPIT01,M1450672896LE,51.54,1.73,0.9172,(DOY:273) 2023-09-30T00:27:08,264467400,d05f0427b4c0d334dffc1b8f85b85a86134b5d340d2de8a50ad6a1c6ec439502,/home/frostflux/lunarvoid/data/edr/multillum/PRCLRMPIT01/M1450672896LE.IMG,https://pds.lroc.im-ldi.com/data/LRO-L-LROC-2-EDR-V1.0/LROLRC_0057A/DATA/ESM5/2023273/NAC/M1450672896LE.IMG
PRCLRMPIT01,M1354457618LE,67.03,1.74,1.0755,(DOY:255) 2020-09-11T09:59:11,264467400,9bcc03e7be53d6f25471ca2d224fcc4dc4a21b730afe582ec23ac18ed3c0d83f,/home/frostflux/lunarvoid/data/edr/multillum/PRCLRMPIT01/M1354457618LE.IMG,https://pds.lroc.im-ldi.com/data/LRO-L-LROC-2-EDR-V1.0/LROLRC_0044C/DATA/ESM4/2020255/NAC/M1354457618LE.IMG
PRCLRMPIT01,M1232211200LE,92.78,1.76,1.2616,(DOY:301) 2016-10-27T12:38:53,72602568,7104cc6632611cb8f64c8369379f5088f3f6bdb401fb2f5dcf4b84c50db011b3,/home/frostflux/lunarvoid/data/edr/multillum/PRCLRMPIT01/M1232211200LE.IMG,https://pds.lroc.im-ldi.com/data/LRO-L-LROC-2-EDR-V1.0/LROLRC_0029/DATA/ESM3/2016301/NAC/M1232211200LE.IMG
SWFECUNPIT1,M1534363631LE,28.55,14.75,0.7183,(DOY:145) 2026-05-25T15:52:43,264467400,37518a1871b6cfeefbc0b1d9c435746bf64b97832e4c26d254892ad7835b3ed4,/home/frostflux/lunarvoid/data/edr/multillum/SWFECUNPIT1/M1534363631LE.IMG,https://pds.lroc.im-ldi.com/data/LRO-L-LROC-2-EDR-V1.0/LROLRC_0067C/DATA/ESM6/2026145/NAC/M1534363631LE.IMG
SWFECUNPIT1,M1465311346LE,51.51,1.73,0.9097,(DOY:077) 2024-03-17T10:41:19,264467400,119246a3ea422af71d6d275439a80d300e95b642ff2e784adf10d85f6174f74c,/home/frostflux/lunarvoid/data/edr/multillum/SWFECUNPIT1/M1465311346LE.IMG,https://pds.lroc.im-ldi.com/data/LRO-L-LROC-2-EDR-V1.0/LROLRC_0059A/DATA/ESM5/2024077/NAC/M1465311346LE.IMG
SWFECUNPIT1,M1409031996LE,71.14,1.73,1.8650,(DOY:156) 2022-06-05T01:32:09,132236232,43fee02605736b351901efd8da0538bf74f1f083997ca11133192edb9e4c55bb,/home/frostflux/lunarvoid/data/edr/multillum/SWFECUNPIT1/M1409031996LE.IMG,https://pds.lroc.im-ldi.com/data/LRO-L-LROC-2-EDR-V1.0/LROLRC_0051C/DATA/ESM4/2022156/NAC/M1409031996LE.IMG
SWFECUNPIT1,M1510967315LE,86.01,1.73,1.6669,(DOY:239) 2025-08-27T20:54:07,132236232,12a4a2e2a6582f49114eb394e542d2d52a0844f430622a25fda8f49e49403515,/home/frostflux/lunarvoid/data/edr/multillum/SWFECUNPIT1/M1510967315LE.IMG,https://pds.lroc.im-ldi.com/data/LRO-L-LROC-2-EDR-V1.0/LROLRC_0064C/DATA/ESM5/2025239/NAC/M1510967315LE.IMG
